o maxwell_1
usemtl maxwell
v 0.1575392782688141 0.062112148851156235 0.08769948035478592
v 0.1575392782688141 0.062112148851156235 0.08769948035478592
v 0.14319193363189697 0.057195890694856644 0.10626545548439026
v 0.10178933292627335 0.010608391836285591 0.07793781906366348
v 0.10178933292627335 0.010608391836285591 0.07793781906366348
v 0.15437442064285278 0.03331959620118141 0.07039356976747513
v 0.15437442064285278 0.03331959620118141 0.07039356976747513
v 0.15437442064285278 0.03331959620118141 0.07039356976747513
v 0.15437442064285278 0.03331959620118141 0.07039356976747513
v 0.13662880659103394 0.03628155216574669 0.0870419517159462
v 0.14970339834690094 0.06513448804616928 -0.09898237884044647
v 0.14970339834690094 0.06513448804616928 -0.09898237884044647
v 0.13666613399982452 0.03397062048316002 -0.09757477045059204
v 0.13666613399982452 0.03397062048316002 -0.09757477045059204
v 0.13666613399982452 0.03397062048316002 -0.09757477045059204
v 0.05241260677576065 0.27755022048950195 -0.03517981618642807
v 0.05241260677576065 0.27755022048950195 -0.03517981618642807
v 0.1273067444562912 0.30553606152534485 -0.04819834604859352
v 0.1273067444562912 0.30553606152534485 -0.04819834604859352
v 0.1273067444562912 0.30553606152534485 -0.04819834604859352
v 0.16919469833374023 0.21617643535137177 -0.08370457589626312
v 0.16091661155223846 0.10880661755800247 -0.10071709752082825
v 0.16091661155223846 0.10880661755800247 -0.10071709752082825
v 0.14045517146587372 0.20146161317825317 -0.10087242722511292
v 0.14045517146587372 0.20146161317825317 -0.10087242722511292
v 0.19081179797649384 0.20065343379974365 -0.027410808950662613
v 0.19081179797649384 0.20065343379974365 -0.027410808950662613
v 0.19081179797649384 0.20065343379974365 -0.027410808950662613
v 0.19081179797649384 0.20065343379974365 -0.027410808950662613
v 0.1261674165725708 0.15666355192661285 0.08582137525081635
v 0.1261674165725708 0.15666355192661285 0.08582137525081635
v 0.11809170246124268 0.0991995632648468 0.12066061049699783
v 0.09261000156402588 0.18880358338356018 0.104567751288414
v 0.026269664987921715 0.2708902060985565 0.0744437724351883
v 0.04990526661276817 0.2804383337497711 0.07755924016237259
v 0.04990526661276817 0.2804383337497711 0.07755924016237259
v 0.04990526661276817 0.2804383337497711 0.07755924016237259
v 0.01682870276272297 0.33529534935951233 0.09447915107011795
v 0.01682870276272297 0.33529534935951233 0.09447915107011795
v 0.01682870276272297 0.33529534935951233 0.09447915107011795
v 0.20574523508548737 0.24521660804748535 0.109381303191185
v 0.20574523508548737 0.24521660804748535 0.109381303191185
v 0.19249515235424042 0.20975400507450104 0.10315858572721481
v 0.17133823037147522 0.03286386653780937 -0.031660858541727066
v 0.17133823037147522 0.03286386653780937 -0.031660858541727066
v 0.1709969937801361 0.033234935253858566 -0.01199919544160366
v 0.1709969937801361 0.033234935253858566 -0.01199919544160366
v 0.17404967546463013 0.14829708635807037 0.014681395143270493
v 0.23248054087162018 0.26211532950401306 0.0038552721962332726
v 0.1198563277721405 0.016394520178437233 -0.004809229169040918
v 0.16265341639518738 0.036703549325466156 0.04868067428469658
v 0.16265341639518738 0.036703549325466156 0.04868067428469658
v 0.15525482594966888 0.023568131029605865 -0.0005774501478299499
v 0.15525482594966888 0.023568131029605865 -0.0005774501478299499
v 0.10122799873352051 0.31443294882774353 0.003570569446310401
v 0.026992710307240486 0.28207212686538696 0.04171453043818474
v 0.16962073743343353 0.09572955220937729 0.06509573757648468
v 0.18241220712661743 0.17879141867160797 0.018151694908738136
v 0.18241220712661743 0.17879141867160797 0.018151694908738136
v 0.22830845415592194 0.24867784976959229 0.08436572551727295
v 0.22830845415592194 0.24867784976959229 0.08436572551727295
v 0.17925819754600525 0.3006688058376312 -0.04037632793188095
v 0.17925819754600525 0.3006688058376312 -0.04037632793188095
v 0.17925819754600525 0.3006688058376312 -0.04037632793188095
v 0.18314415216445923 0.1278121918439865 -0.061232589185237885
v 0.16097886860370636 0.1490294188261032 -0.10200315713882446
v 0.16097886860370636 0.1490294188261032 -0.10200315713882446
v 0.16097886860370636 0.1490294188261032 -0.10200315713882446
v 0.11721304059028625 0.2465483695268631 -0.08687825500965118
v 0.11721304059028625 0.2465483695268631 -0.08687825500965118
v 0.1504480391740799 0.25969740748405457 0.12179316580295563
v 0.1504480391740799 0.25969740748405457 0.12179316580295563
v 0.20993486046791077 0.26656925678253174 0.07074488699436188
v 0.16125459969043732 0.35592910647392273 -0.09900720417499542
v 0.16125459969043732 0.35592910647392273 -0.09900720417499542
v 0.14701247215270996 0.22845301032066345 0.12961345911026
v 0.14701247215270996 0.22845301032066345 0.12961345911026
v 0.16301628947257996 0.23849576711654663 0.12728212773799896
v 0.16301628947257996 0.23849576711654663 0.12728212773799896
v 0.16301628947257996 0.23849576711654663 0.12728212773799896
v 0.23223821818828583 0.23256193101406097 0.01772025041282177
v 0.23223821818828583 0.23256193101406097 0.01772025041282177
v 0.2339811772108078 0.2497541308403015 0.03172244131565094
v 0.2339811772108078 0.2497541308403015 0.03172244131565094
v 0.2339811772108078 0.2497541308403015 0.03172244131565094
v 0.21301403641700745 0.20669986307621002 0.08778153359889984
v 0.21301403641700745 0.20669986307621002 0.08778153359889984
v 0.2235696166753769 0.21124929189682007 0.06605131179094315
v 0.18695256114006042 0.26451000571250916 0.09278701990842819
v 0.20155282318592072 0.2739279568195343 0.08641105890274048
v 0.20155282318592072 0.2739279568195343 0.08641105890274048
v 0.14906559884548187 0.2690852880477905 -0.060427598655223846
v 0.14906559884548187 0.2690852880477905 -0.060427598655223846
v 0.22806914150714874 0.2705008089542389 0.024340394884347916
v 0.22806914150714874 0.2705008089542389 0.024340394884347916
v 0.18322165310382843 0.23692552745342255 -0.050560083240270615
v 0.18322165310382843 0.23692552745342255 -0.050560083240270615
v 0.12857696413993835 0.24822483956813812 0.1267668455839157
v 0.1365494430065155 0.1900661289691925 0.08536270260810852
v 0.1365494430065155 0.1900661289691925 0.08536270260810852
v 0.1365494430065155 0.1900661289691925 0.08536270260810852
v 0.22126711905002594 0.25357988476753235 0.09764169901609421
v 0.22126711905002594 0.25357988476753235 0.09764169901609421
v 0.22126711905002594 0.25357988476753235 0.09764169901609421
v 0.22126711905002594 0.25357988476753235 0.09764169901609421
v 0.044798240065574646 0.2984791100025177 0.05343306437134743
v 0.044798240065574646 0.2984791100025177 0.05343306437134743
v 0.06626899540424347 0.2895330488681793 0.09523461014032364
v 0.06626899540424347 0.2895330488681793 0.09523461014032364
v 0.06626899540424347 0.2895330488681793 0.09523461014032364
v 0.12010371685028076 0.20243385434150696 0.10504788905382156
v 0.12010371685028076 0.20243385434150696 0.10504788905382156
v 0.12010371685028076 0.20243385434150696 0.10504788905382156
v 0.11882579326629639 0.281714528799057 -0.04594845324754715
v 0.11882579326629639 0.281714528799057 -0.04594845324754715
v 0.11882579326629639 0.281714528799057 -0.04594845324754715
v 0.11882579326629639 0.281714528799057 -0.04594845324754715
v 0.17745622992515564 0.06460723280906677 -0.06467914581298828
v 0.1798880398273468 0.09693487733602524 -0.02414531260728836
v 0.17954465746879578 0.07254870980978012 0.012094251811504364
v 0.1676955223083496 0.08951067924499512 -0.0005327750695869327
v 0.1676955223083496 0.08951067924499512 -0.0005327750695869327
v 0.16198989748954773 0.07720527052879333 0.033331360667943954
v 0.16198989748954773 0.07720527052879333 0.033331360667943954
v 0.15538527071475983 0.028683053329586983 -0.06205485016107559
v 0.15538527071475983 0.028683053329586983 -0.06205485016107559
v 0.16416490077972412 0.061994314193725586 0.03564951568841934
v 0.16416490077972412 0.061994314193725586 0.03564951568841934
v 0.18165051937103271 0.07617387175559998 -0.011099967174232006
v 0.15656191110610962 0.15333479642868042 0.04933176562190056
v 0.16354748606681824 0.18104548752307892 0.05126407369971275
v 0.16354748606681824 0.18104548752307892 0.05126407369971275
v 0.16354748606681824 0.18104548752307892 0.05126407369971275
v 0.18252778053283691 0.05184737592935562 0.004452171735465527
v 0.1641344577074051 0.04132110998034477 0.024778010323643684
v 0.1641344577074051 0.04132110998034477 0.024778010323643684
v 0.1849936842918396 0.053517185151576996 -0.018138520419597626
v 0.13921402394771576 0.09919079393148422 0.09222233295440674
v 0.13921402394771576 0.09919079393148422 0.09222233295440674
v 0.09196627885103226 0.1468915194272995 0.1295643299818039
v 0.06727630645036697 0.1818835586309433 0.12308760732412338
v 0.07905782014131546 0.2903440296649933 -0.009391059167683125
v 0.07905782014131546 0.2903440296649933 -0.009391059167683125
v 0.07905782014131546 0.2903440296649933 -0.009391059167683125
v 0.0987233892083168 0.21927209198474884 0.10750223696231842
v 0.0987233892083168 0.21927209198474884 0.10750223696231842
v 0.17836947739124298 0.18409773707389832 -0.0687786266207695
v 0.17836947739124298 0.18409773707389832 -0.0687786266207695
v 0.10953139513731003 0.011531450785696507 0.04582352563738823
v 0.08639924228191376 0.030336083844304085 -0.11454369127750397
v 0.08639924228191376 0.030336083844304085 -0.11454369127750397
v 0.10647578537464142 0.021071171388030052 -0.08181923627853394
v 0.08901526778936386 0.06442331522703171 -0.12171110510826111
v 0.09535124897956848 0.1029687449336052 -0.1269383281469345
v 0.08394765853881836 0.17791372537612915 -0.12110380083322525
v 0.019088992848992348 0.2651950418949127 -0.04986429587006569
v 0.019088992848992348 0.2651950418949127 -0.04986429587006569
v 0.062019430100917816 0.21920602023601532 -0.10377717018127441
v 0.09862791746854782 0.1427709460258484 -0.12543998658657074
v 0.0018919605063274503 0.2761419117450714 0.03970557451248169
v 0.09061133116483688 0.026381436735391617 0.09576769918203354
v 0.07729421555995941 0.0519297830760479 0.11221741884946823
v 0.06482536345720291 0.08821386098861694 0.12242932617664337
v 0.002666275016963482 0.2659434676170349 0.07122232019901276
v 0.055666234344244 0.12776586413383484 0.1308492124080658
v 0.03422059863805771 0.1666169911623001 0.12709861993789673
v 0.1763935387134552 0.066527359187603 0.05973146855831146
v 0.11112365126609802 0.33321329951286316 0.01571352779865265
v 0.11112365126609802 0.33321329951286316 0.01571352779865265
v 0.11112365126609802 0.33321329951286316 0.01571352779865265
v 0.07905177026987076 0.32079121470451355 0.052947577089071274
v 0.07905177026987076 0.32079121470451355 0.052947577089071274
v 0.07905177026987076 0.32079121470451355 0.052947577089071274
v 0.18157780170440674 0.3135031759738922 0.07038707286119461
v 0.18157780170440674 0.3135031759738922 0.07038707286119461
v 0.18157780170440674 0.3135031759738922 0.07038707286119461
v 0.18157780170440674 0.3135031759738922 0.07038707286119461
v 0.19950437545776367 0.31788963079452515 0.031187286600470543
v 0.19950437545776367 0.31788963079452515 0.031187286600470543
v 0.19950437545776367 0.31788963079452515 0.031187286600470543
v 0.08652155846357346 0.30730918049812317 0.09118044376373291
v 0.08652155846357346 0.30730918049812317 0.09118044376373291
v 0.08652155846357346 0.30730918049812317 0.09118044376373291
v 0.1447436511516571 0.3100276589393616 0.09563814848661423
v 0.1447436511516571 0.3100276589393616 0.09563814848661423
v 0.1447436511516571 0.3100276589393616 0.09563814848661423
v 0.14219336211681366 0.3322584331035614 -0.025544222444295883
v 0.14219336211681366 0.3322584331035614 -0.025544222444295883
v 0.14219336211681366 0.3322584331035614 -0.025544222444295883
v 0.1734655797481537 0.32410141825675964 -0.03571183234453201
v 0.1734655797481537 0.32410141825675964 -0.03571183234453201
v 0.1734655797481537 0.32410141825675964 -0.03571183234453201
v 0.1869758814573288 0.14085230231285095 -0.020534886047244072
v 0.2110992819070816 0.2518681585788727 -0.027637647464871407
v 0.10996627062559128 0.23321963846683502 0.11975866556167603
v 0.16655443608760834 0.19670642912387848 0.09428198635578156
v 0.19293829798698425 0.19300736486911774 0.07161478698253632
v 0.19293829798698425 0.19300736486911774 0.07161478698253632
v 0.20442873239517212 0.19091874361038208 0.03896486386656761
v 0.12985943257808685 0.21703070402145386 0.11801856756210327
v 0.12985943257808685 0.21703070402145386 0.11801856756210327
v 0.219598188996315 0.21843445301055908 -0.0057604629546403885
v 0.219598188996315 0.21843445301055908 -0.0057604629546403885
v 0.03924979269504547 0.24750612676143646 0.09707660973072052
v 0.03924979269504547 0.24750612676143646 0.09707660973072052
v 0.00841159000992775 0.24322736263275146 0.09658275544643402
v 0.00841159000992775 0.24322736263275146 0.09658275544643402
v 0.1564905047416687 0.2340979129076004 -0.07982981204986572
v 0.21578370034694672 0.29484567046165466 0.02709132991731167
v 0.21578370034694672 0.29484567046165466 0.02709132991731167
v 0.20352999866008759 0.292546808719635 -0.015336777083575726
v 0.1677696853876114 0.2553842067718506 -0.0570041798055172
v 0.1677696853876114 0.2553842067718506 -0.0570041798055172
v 0.18182280659675598 0.28372663259506226 0.09043661504983902
v 0.15031209588050842 0.28231972455978394 0.11165963113307953
v 0.15031209588050842 0.28231972455978394 0.11165963113307953
v 0.1069469153881073 0.27661123871803284 0.11186093091964722
v 0.07152379304170609 0.24875271320343018 0.09402836114168167
v 0.07152379304170609 0.24875271320343018 0.09402836114168167
v 0.07152379304170609 0.24875271320343018 0.09402836114168167
v 0.07152379304170609 0.24875271320343018 0.09402836114168167
v 0.20411625504493713 0.28640663623809814 0.064490906894207
v 0.08960317075252533 0.2657110095024109 0.108294278383255
v 0.18937267363071442 0.27842244505882263 -0.04165317863225937
v 0.05092344433069229 0.2155352383852005 0.11040961742401123
v 0.01811150647699833 0.20607511699199677 0.11221858114004135
v 0.07410456240177155 0.21892927587032318 0.10461429506540298
v 0.008721038699150085 0.2752915322780609 -0.015655517578125
v 0.03503243625164032 0.2502151429653168 -0.07587447762489319
v 0.07101653516292572 0.26956796646118164 -0.05880831182003021
v 0.06310057640075684 0.29008156061172485 0.018151530995965004
v 0.06310057640075684 0.29008156061172485 0.018151530995965004
v 0.0989207774400711 0.28602856397628784 -0.0275739636272192
v 0.0989207774400711 0.28602856397628784 -0.0275739636272192
v 0.0989207774400711 0.28602856397628784 -0.0275739636272192
v 0.036845531314611435 0.2830599844455719 -0.0014736782759428024
v 0.14308269321918488 0.33217254281044006 0.03916514664888382
v 0.14308269321918488 0.33217254281044006 0.03916514664888382
v -0.23183952271938324 0.013729039579629898 0.06087027117609978
v -0.23183952271938324 0.013729039579629898 0.06087027117609978
v -0.23183952271938324 0.013729039579629898 0.06087027117609978
v -0.22816498577594757 0.046224553138017654 -0.08782341331243515
v -0.22816498577594757 0.046224553138017654 -0.08782341331243515
v -0.22816498577594757 0.046224553138017654 -0.08782341331243515
v -0.26129817962646484 0.1544552743434906 -0.11029556393623352
v -0.26129817962646484 0.1544552743434906 -0.11029556393623352
v -0.25028160214424133 0.24964988231658936 -0.06632866710424423
v -0.25028160214424133 0.24964988231658936 -0.06632866710424423
v -0.25028160214424133 0.24964988231658936 -0.06632866710424423
v -0.28033703565597534 0.11298307031393051 0.09617584943771362
v -0.28033703565597534 0.11298307031393051 0.09617584943771362
v -0.2650715410709381 0.2245512157678604 0.06887616962194443
v -0.2650715410709381 0.2245512157678604 0.06887616962194443
v -0.2650715410709381 0.2245512157678604 0.06887616962194443
v -0.13761422038078308 0.2580067813396454 0.10008006542921066
v -0.13761422038078308 0.2580067813396454 0.10008006542921066
v -0.11388351768255234 0.1060444638133049 0.15723882615566254
v -0.12921111285686493 0.28597137331962585 -0.07588722556829453
v -0.12921111285686493 0.28597137331962585 -0.07588722556829453
v -0.10757289081811905 0.13591314852237701 -0.14321096241474152
v -0.08675963431596756 0.01970110647380352 -0.11643443256616592
v -0.08675963431596756 0.01970110647380352 -0.11643443256616592
v -0.08725323528051376 0.0009108625818043947 0.09453795850276947
v -0.08725323528051376 0.0009108625818043947 0.09453795850276947
v -0.07876254618167877 0.24944888055324554 0.09732898324728012
v -0.07876254618167877 0.24944888055324554 0.09732898324728012
v -0.07876254618167877 0.24944888055324554 0.09732898324728012
v -0.07876254618167877 0.24944888055324554 0.09732898324728012
v -0.021429896354675293 0.24103911221027374 0.0947963148355484
v -0.021429896354675293 0.24103911221027374 0.0947963148355484
v -0.25964128971099854 0.11913300305604935 -0.11142360419034958
v -0.25964128971099854 0.11913300305604935 -0.11142360419034958
v -0.2513399124145508 0.08680777251720428 -0.10400821268558502
v -0.2513399124145508 0.08680777251720428 -0.10400821268558502
v -0.23934833705425262 0.06234078109264374 -0.0945020392537117
v -0.23934833705425262 0.06234078109264374 -0.0945020392537117
v -0.2815519869327545 0.1479092836380005 0.0943341925740242
v -0.2815519869327545 0.1479092836380005 0.0943341925740242
v -0.27687975764274597 0.1795438677072525 0.08710689842700958
v -0.27687975764274597 0.1795438677072525 0.08710689842700958
v -0.27136144042015076 0.20710505545139313 0.07795851677656174
v -0.27136144042015076 0.20710505545139313 0.07795851677656174
v -0.25385338068008423 0.2367914766073227 -0.07904083281755447
v -0.25385338068008423 0.2367914766073227 -0.07904083281755447
v -0.25696027278900146 0.2141818255186081 -0.09156155586242676
v -0.25696027278900146 0.2141818255186081 -0.09156155586242676
v -0.2597945034503937 0.1860356330871582 -0.10254434496164322
v -0.2597945034503937 0.1860356330871582 -0.10254434496164322
v 0.03960803151130676 0.003514364128932357 0.08198101818561554
v 0.03960803151130676 0.003514364128932357 0.08198101818561554
v 0.01292456779628992 0.11741682887077332 0.12780417501926422
v -0.023313913494348526 0.11288130283355713 0.1283271312713623
v -0.023313913494348526 0.11288130283355713 0.1283271312713623
v -0.07169096171855927 0.10794048011302948 0.1462438702583313
v 0.028976717963814735 0.15819786489009857 -0.11301448941230774
v -0.020367566496133804 0.14875194430351257 -0.10999297350645065
v -0.020367566496133804 0.14875194430351257 -0.10999297350645065
v -0.06349692493677139 0.13757620751857758 -0.13138723373413086
v -0.23777852952480316 0.03862807899713516 -0.057761456817388535
v -0.23777852952480316 0.03862807899713516 -0.057761456817388535
v -0.2428135871887207 0.029150983318686485 -0.0012948013609275222
v -0.2428135871887207 0.029150983318686485 -0.0012948013609275222
v -0.23927420377731323 0.01957564987242222 0.035798218101263046
v -0.23927420377731323 0.01957564987242222 0.035798218101263046
v -0.27017733454704285 0.2332681566476822 0.04565330967307091
v -0.27017733454704285 0.2332681566476822 0.04565330967307091
v -0.2694121301174164 0.241791769862175 0.01449722982943058
v -0.2694121301174164 0.241791769862175 0.01449722982943058
v -0.26051244139671326 0.24811452627182007 -0.036922261118888855
v -0.26051244139671326 0.24811452627182007 -0.036922261118888855
v -0.05767961964011192 0.017104558646678925 -0.10069987922906876
v -0.05767961964011192 0.017104558646678925 -0.10069987922906876
v -0.015049662441015244 0.018632475286722183 -0.08594445139169693
v -0.015049662441015244 0.018632475286722183 -0.08594445139169693
v -0.015049662441015244 0.018632475286722183 -0.08594445139169693
v -0.015049662441015244 0.018632475286722183 -0.08594445139169693
v 0.036483440548181534 0.02114582061767578 -0.10992279648780823
v 0.036483440548181534 0.02114582061767578 -0.10992279648780823
v -0.012335444800555706 0.26580575108528137 -0.05506350100040436
v -0.012335444800555706 0.26580575108528137 -0.05506350100040436
v -0.07237441837787628 0.2762871980667114 -0.06545451283454895
v -0.07237441837787628 0.2762871980667114 -0.06545451283454895
v -0.07237441837787628 0.2762871980667114 -0.06545451283454895
v -0.07237441837787628 0.2762871980667114 -0.06545451283454895
v -0.1396276205778122 0.28204330801963806 0.06890798360109329
v -0.13698479533195496 0.29834434390068054 0.02846599370241165
v -0.13141167163848877 0.3043448328971863 -0.03129620477557182
v -0.12620709836483002 0.255062073469162 -0.09880729019641876
v -0.12147434055805206 0.2177879512310028 -0.10892131179571152
v -0.11429052799940109 0.17509999871253967 -0.1318798065185547
v -0.24566562473773956 0.02457486093044281 0.07033366709947586
v -0.24566562473773956 0.02457486093044281 0.07033366709947586
v -0.26161515712738037 0.04673174023628235 0.08255252987146378
v -0.26161515712738037 0.04673174023628235 0.08255252987146378
v -0.27450433373451233 0.07741275429725647 0.09237643331289291
v -0.27450433373451233 0.07741275429725647 0.09237643331289291
v -0.12364595383405685 0.14062514901161194 0.14861290156841278
v -0.12619604170322418 0.18283987045288086 0.12258508056402206
v -0.13015638291835785 0.22126607596874237 0.11774855107069016
v -0.08756747096776962 0.01416502334177494 0.11956851184368134
v -0.08929803967475891 0.040526486933231354 0.1340668946504593
v -0.09817624092102051 0.07217954099178314 0.14959843456745148
v -0.09144949913024902 0.10747922211885452 -0.13538844883441925
v -0.08440344780683517 0.07899098098278046 -0.13147416710853577
v -0.08495664596557617 0.05071689561009407 -0.1293104737997055
v -0.1802958846092224 0.25843584537506104 0.10109075903892517
v -0.1802958846092224 0.25843584537506104 0.10109075903892517
v -0.22026978433132172 0.24845051765441895 0.09438548982143402
v -0.22026978433132172 0.24845051765441895 0.09438548982143402
v -0.24828574061393738 0.234486386179924 0.0809793770313263
v -0.24828574061393738 0.234486386179924 0.0809793770313263
v -0.2473553866147995 0.10871368646621704 0.13116613030433655
v -0.20207443833351135 0.10776828229427338 0.15193966031074524
v -0.15588758885860443 0.10655791312456131 0.15904714167118073
v -0.1422043889760971 0.1507769525051117 -0.14001895487308502
v -0.1806415170431137 0.16189977526664734 -0.13993246853351593
v -0.2205096334218979 0.16212373971939087 -0.1355484277009964
v -0.2313304990530014 0.2617053985595703 -0.07509301602840424
v -0.2313304990530014 0.2617053985595703 -0.07509301602840424
v -0.20210619270801544 0.27702757716178894 -0.0802776962518692
v -0.20210619270801544 0.27702757716178894 -0.0802776962518692
v -0.16641895473003387 0.28697794675827026 -0.07961245626211166
v -0.16641895473003387 0.28697794675827026 -0.07961245626211166
v -0.1132165715098381 0.02591402269899845 -0.12082767486572266
v -0.1132165715098381 0.02591402269899845 -0.12082767486572266
v -0.15546374022960663 0.0343828983604908 -0.11279157549142838
v -0.15546374022960663 0.0343828983604908 -0.11279157549142838
v -0.20024940371513367 0.04201016575098038 -0.10135291516780853
v -0.20024940371513367 0.04201016575098038 -0.10135291516780853
v -0.20516791939735413 0.006522118113934994 0.07441779226064682
v -0.20516791939735413 0.006522118113934994 0.07441779226064682
v -0.16028833389282227 0.001231472473591566 0.08673719316720963
v -0.16028833389282227 0.001231472473591566 0.08673719316720963
v -0.1152433454990387 0.0006476957933045924 0.09281004220247269
v -0.1152433454990387 0.0006476957933045924 0.09281004220247269
v -0.3025949001312256 0.12084576487541199 0.05362331122159958
v -0.30986419320106506 0.13305369019508362 0.002226748736575246
v -0.29434889554977417 0.1430903971195221 -0.047488436102867126
v -0.02416815422475338 0.26597198843955994 0.07125731557607651
v -0.021524403244256973 0.2795012891292572 0.0328807532787323
v -0.017892563715577126 0.27665984630584717 -0.016526751220226288
v -0.07946427911520004 0.27470022439956665 0.06799158453941345
v -0.07946427911520004 0.27470022439956665 0.06799158453941345
v -0.07738938182592392 0.2912992537021637 0.031157521530985832
v -0.07738938182592392 0.2912992537021637 0.031157521530985832
v -0.07507368922233582 0.2925502359867096 -0.021727697923779488
v -0.07507368922233582 0.2925502359867096 -0.021727697923779488
v 0.03993329405784607 0.011151050217449665 -0.07896538078784943
v 0.04277251288294792 0.009235488250851631 -0.029938435181975365
v 0.04238521307706833 0.004599235951900482 0.04276813939213753
v -0.012139718048274517 0.008398953825235367 -0.06779482960700989
v -0.012139718048274517 0.008398953825235367 -0.06779482960700989
v -0.011785609647631645 0.005820014514029026 -0.02562958560883999
v -0.011785609647631645 0.005820014514029026 -0.02562958560883999
v -0.01293873693794012 0.000422449636971578 0.049062371253967285
v -0.01293873693794012 0.000422449636971578 0.049062371253967285
v -0.054393988102674484 0.006839705631136894 -0.0702173188328743
v -0.05368736758828163 0.0041097719222307205 -0.02050199545919895
v -0.054474592208862305 -0.00034087151288986206 0.05278468132019043
v 0.027742888778448105 0.0207326989620924 0.09956588596105576
v 0.01990659534931183 0.04819867014884949 0.1087520644068718
v 0.020453544333577156 0.08458150178194046 0.1206730306148529
v -0.022565539926290512 0.008501756936311722 0.09521680325269699
v -0.022565539926290512 0.008501756936311722 0.09521680325269699
v -0.02181789092719555 0.047752223908901215 0.10558933764696121
v -0.02181789092719555 0.047752223908901215 0.10558933764696121
v -0.020565597340464592 0.08193516731262207 0.118905209004879
v -0.020565597340464592 0.08193516731262207 0.118905209004879
v -0.058333318680524826 0.014132429845631123 0.10277896374464035
v -0.058011315762996674 0.04482923075556755 0.12065009027719498
v -0.05949603393673897 0.07695113122463226 0.13502226769924164
v -0.004871332086622715 0.24508458375930786 -0.07947951555252075
v 0.012191316112875938 0.20309600234031677 -0.1055290624499321
v -0.051162343472242355 0.19013123214244843 -0.10852246731519699
v -0.051162343472242355 0.19013123214244843 -0.10852246731519699
v -0.051162343472242355 0.19013123214244843 -0.10852246731519699
v -0.06843003630638123 0.24892204999923706 -0.0911857858300209
v -0.06843003630638123 0.24892204999923706 -0.0911857858300209
v -0.08259859681129456 0.15860393643379211 -0.13335636258125305
v 0.033718034625053406 0.1265682578086853 -0.11544568836688995
v 0.035172756761312485 0.09533493965864182 -0.11754480749368668
v 0.02857443504035473 0.05733540281653404 -0.1105714738368988
v -0.017119968309998512 0.11481878906488419 -0.10710666328668594
v -0.017119968309998512 0.11481878906488419 -0.10710666328668594
v -0.015757489949464798 0.08604028820991516 -0.09980253875255585
v -0.015757489949464798 0.08604028820991516 -0.09980253875255585
v -0.017045851796865463 0.053059548139572144 -0.08743289113044739
v -0.017045851796865463 0.053059548139572144 -0.08743289113044739
v -0.05510346218943596 0.1084442213177681 -0.12326926738023758
v -0.05415380373597145 0.0788721814751625 -0.11527606844902039
v -0.05525284633040428 0.050819117575883865 -0.11187813431024551
v -0.0028981768991798162 0.1589697301387787 0.12666592001914978
v -0.015914464369416237 0.20233632624149323 0.11126837134361267
v -0.05244731903076172 0.15439769625663757 0.12706220149993896
v -0.05244731903076172 0.15439769625663757 0.12706220149993896
v -0.05244731903076172 0.15439769625663757 0.12706220149993896
v -0.0924353301525116 0.1333799958229065 0.1460074633359909
v -0.07388720661401749 0.207414448261261 0.1176188513636589
v -0.07388720661401749 0.207414448261261 0.1176188513636589
v -0.16405709087848663 0.1469152718782425 0.14860528707504272
v -0.16885121166706085 0.18899890780448914 0.1355682611465454
v -0.17522162199020386 0.2271900177001953 0.12299395352602005
v -0.20986606180667877 0.14695759117603302 0.14600692689418793
v -0.2154334932565689 0.18519173562526703 0.13534916937351227
v -0.2188313603401184 0.21981610357761383 0.11880765110254288
v -0.2523205876350403 0.14594221115112305 0.12797009944915771
v -0.2525444030761719 0.1805918961763382 0.11756853014230728
v -0.25083547830581665 0.21093077957630157 0.10201092064380646
v -0.16198870539665222 0.2573021352291107 -0.10502443462610245
v -0.15654419362545013 0.22354266047477722 -0.11958801001310349
v -0.14914005994796753 0.18621262907981873 -0.13071073591709137
v -0.1954454630613327 0.2566740810871124 -0.10588540881872177
v -0.19117775559425354 0.22715558111667633 -0.12243927270174026
v -0.1866556704044342 0.19352954626083374 -0.13350367546081543
v -0.2278578281402588 0.2464136779308319 -0.09879705309867859
v -0.2255285531282425 0.2233351469039917 -0.11527864634990692
v -0.22332380712032318 0.1938263475894928 -0.12737807631492615
v -0.1301921159029007 0.11611755192279816 -0.14187125861644745
v -0.11372894793748856 0.08713647723197937 -0.13888704776763916
v -0.11145070195198059 0.05639536306262016 -0.13398829102516174
v -0.1729038804769516 0.1282389611005783 -0.14045417308807373
v -0.16248288750648499 0.09525388479232788 -0.13674326241016388
v -0.15634801983833313 0.06007201597094536 -0.12709291279315948
v -0.21748943626880646 0.1273026019334793 -0.13646894693374634
v -0.21108847856521606 0.09435199946165085 -0.12972785532474518
v -0.20324836671352386 0.06474465131759644 -0.11725284159183502
v -0.11968829482793808 0.011081940494477749 0.12185941636562347
v -0.12830530107021332 0.03666703775525093 0.14328821003437042
v -0.14343632757663727 0.06982238590717316 0.15937036275863647
v -0.16901202499866486 0.00879126787185669 0.1166158989071846
v -0.1815725415945053 0.03383989632129669 0.13983109593391418
v -0.19322852790355682 0.06938987225294113 0.1517576426267624
v -0.2153429239988327 0.012995506636798382 0.09811343252658844
v -0.22928845882415771 0.03662295639514923 0.11691830307245255
v -0.24044035375118256 0.07124544680118561 0.12776049971580505
v -0.18108583986759186 0.279965877532959 0.0667731985449791
v -0.1786005198955536 0.29387250542640686 0.025297991931438446
v -0.17254021763801575 0.29940587282180786 -0.03614567965269089
v -0.21936848759651184 0.2681305408477783 0.06031366065144539
v -0.21657231450080872 0.2805543839931488 0.021251682192087173
v -0.2097509801387787 0.2852118909358978 -0.0407521054148674
v -0.248957559466362 0.251709520816803 0.05181923136115074
v -0.24730665981769562 0.26253741979599 0.017511792480945587
v -0.23958204686641693 0.2668988108634949 -0.03964227810502052
v -0.11085385084152222 0.010837147943675518 -0.07984239608049393
v -0.110021211206913 0.004704865626990795 -0.015256608836352825
v -0.11145981401205063 0.0008797760820016265 0.051106203347444534
v -0.15506649017333984 0.018152059987187386 -0.07738182693719864
v -0.15531344711780548 0.009458592161536217 -0.01929754950106144
v -0.15672270953655243 0.0030031977221369743 0.046952392905950546
v -0.2027958482503891 0.0270070880651474 -0.06954541057348251
v -0.20552784204483032 0.017770035192370415 -0.016678620129823685
v -0.20495912432670593 0.009723975323140621 0.04071930795907974
v -0.29913583397865295 0.154496967792511 0.0523490384221077
v -0.29157111048698425 0.18458233773708344 0.04909834638237953
v -0.28309547901153564 0.2118690460920334 0.04643542692065239
v -0.30276545882225037 0.1647680103778839 0.005212359596043825
v -0.2934930920600891 0.1929776966571808 0.008500240743160248
v -0.2837526798248291 0.21927568316459656 0.011746550910174847
v -0.2877417206764221 0.17552413046360016 -0.05122021585702896
v -0.2800956964492798 0.2035505771636963 -0.04748675972223282
v -0.2724044919013977 0.22849752008914948 -0.041277822107076645
v -0.294953852891922 0.10649531334638596 -0.05111159011721611
v -0.28021690249443054 0.07344170659780502 -0.04754108563065529
v -0.2610456347465515 0.0542275607585907 -0.05155309662222862
v -0.31012672185897827 0.09611441940069199 -0.000994992908090353
v -0.29155245423316956 0.06304337084293365 -0.003315743524581194
v -0.26912400126457214 0.0443066768348217 -0.0021989375818520784
v -0.2995585501194 0.08508416265249252 0.050550684332847595
v -0.28354084491729736 0.05445650964975357 0.042691923677921295
v -0.2633321285247803 0.0338989794254303 0.03704166039824486
v -0.012169972062110901 0.0005029449239373207 0.07333623617887497
v -0.012169972062110901 0.0005029449239373207 0.07333623617887497
v -0.012169972062110901 0.0005029449239373207 0.07333623617887497
v -0.012169972062110901 0.0005029449239373207 0.07333623617887497
v -0.055900026112794876 -0.0003260653465986252 0.08350351452827454
v -0.055900026112794876 -0.0003260653465986252 0.08350351452827454
v -0.08542802184820175 0.015210726298391819 -0.07657436281442642
v -0.08445479720830917 0.009275821968913078 -0.015632150694727898
v -0.0857369601726532 0.00517769530415535 0.05262096971273422
v 0.04847202077507973 0.32507696747779846 0.07144175469875336
v 0.12014763802289963 0.3132406175136566 -0.025099247694015503
v 0.12014763802289963 0.3132406175136566 -0.025099247694015503
v 0.07330163568258286 0.3058404326438904 0.03990650922060013
v 0.058412544429302216 0.30158597230911255 0.07917272299528122
v 0.15272608399391174 0.31061336398124695 -0.03434626758098602
v 0.15272608399391174 0.31061336398124695 -0.03434626758098602
v 0.04164022207260132 0.2894645631313324 0.04709356650710106
v 0.04164022207260132 0.2894645631313324 0.04709356650710106
v 0.04164022207260132 0.2894645631313324 0.04709356650710106
v 0.050973109900951385 0.3188491761684418 0.09023035317659378
v 0.16501069068908691 0.2811075448989868 0.09779413789510727
v 0.1549202799797058 0.27560439705848694 0.10690987855195999
v 0.17714375257492065 0.27570420503616333 0.09164772927761078
v 0.16900894045829773 0.2619372010231018 0.10220281779766083
v 0.15933768451213837 0.2677888572216034 0.10732952505350113
v 0.21562029421329498 0.26777201890945435 0.0458921454846859
v 0.20545054972171783 0.28727683424949646 0.049678653478622437
v 0.20419883728027344 0.2792140543460846 0.061081066727638245
v 0.21283702552318573 0.2860276699066162 0.03309336677193642
v 0.21637439727783203 0.27602824568748474 0.03536411002278328
v 0.21317236125469208 0.2929569184780121 0.03546181693673134
v 0.20504708588123322 0.2940305173397064 0.050880707800388336
v 0.15517811477184296 0.2825370132923126 0.10838227719068527
v 0.16587704420089722 0.2876269221305847 0.09796446561813354
v 0.17688488960266113 0.26690760254859924 0.09438097476959229
v 0.17564454674720764 0.2627868056297302 0.0969238132238388
v 0.21315909922122955 0.26724478602409363 0.05215956270694733
v 0.20831531286239624 0.2704646587371826 0.060093920677900314
v 0.16789312660694122 0.2720179259777069 0.10164602100849152
v 0.21221154928207397 0.27847495675086975 0.048009004443883896
v 0.1551203429698944 0.2764125466346741 0.10848142951726913
v 0.16574545204639435 0.28232598304748535 0.09886755049228668
v 0.1784321665763855 0.2764873206615448 0.09255705773830414
v 0.1784321665763855 0.2764873206615448 0.09255705773830414
v 0.15986368060112 0.26786723732948303 0.10902221500873566
v 0.16999517381191254 0.261732280254364 0.10366833209991455
v 0.20525099337100983 0.2800106108188629 0.06227174401283264
v 0.2065025269985199 0.28854501247406006 0.050358131527900696
v 0.21424518525600433 0.2870994210243225 0.03303105756640434
v 0.21812164783477783 0.2763751745223999 0.035394858568906784
v 0.21733993291854858 0.2677696645259857 0.04635554179549217
v 0.17699703574180603 0.2626553475856781 0.09810473024845123
v 0.17834840714931488 0.2670438587665558 0.09539803862571716
v 0.2147558629512787 0.2672094702720642 0.052968040108680725
v 0.20968367159366608 0.27063536643981934 0.06122492626309395
vt 0.46792900562286377 0.4882887005805969
vt 0.765475869178772 0.3651280999183655
vt 0.4732043445110321 0.4639504551887512
vt 0.4149661362171173 0.41946035623550415
vt 0.9248079657554626 0.2012043595314026
vt 0.4277145564556122 0.48378729820251465
vt 0.4307165741920471 0.484815776348114
vt 0.7292398810386658 0.38135337829589844
vt 0.9172151684761047 0.2661725878715515
vt 0.4434153735637665 0.46081769466400146
vt 0.3187912702560425 0.7995319366455078
vt 0.7464108467102051 0.5899568796157837
vt 0.3406490385532379 0.8313426971435547
vt 0.7077013254165649 0.5896058082580566
vt 0.7245514392852783 0.2446349859237671
vt 0.37040048837661743 0.502906084060669
vt 0.7673248648643494 0.8520065546035767
vt 0.381943941116333 0.9334168434143066
vt 0.4907175600528717 0.9838562607765198
vt 0.8726571202278137 0.5886273384094238
vt 0.5451911687850952 0.9311872720718384
vt 0.29646435379981995 0.7528318762779236
vt 0.7982193231582642 0.5934871435165405
vt 0.29882898926734924 0.6443361043930054
vt 0.5840505957603455 0.9213442206382751
vt 0.3011273741722107 0.3579168915748596
vt 0.49808865785598755 0.9812138676643372
vt 0.9155178666114807 0.5163077116012573
vt 0.9155178666114807 0.7343839406967163
vt 0.5830883383750916 0.49011528491973877
vt 0.8776523470878601 0.3572598099708557
vt 0.5215309858322144 0.4465634822845459
vt 0.6278104782104492 0.4492787718772888
vt 0.897142767906189 0.8675419688224792
vt 0.004265251103788614 0.28803253173828125
vt 0.5565420985221863 0.5007376074790955
vt 0.8934313654899597 0.8385218977928162
vt 0.5612478256225586 0.5833940505981445
vt 0.5617759227752686 0.5821362733840942
vt 0.5612478256225586 0.5833940505981445
vt 0.6070024371147156 0.9230284690856934
vt 0.9724618196487427 0.6946737766265869
vt 0.6477851271629333 0.9110432267189026
vt 0.7199079394340515 0.5046135783195496
vt 0.8001023530960083 0.28358328342437744
vt 0.7213074564933777 0.48138105869293213
vt 0.8223652839660645 0.2841467261314392
vt 0.8590673208236694 0.45707476139068604
vt 0.8258605003356934 0.7217126488685608
vt 0.8311752676963806 0.22274518013000488
vt 0.7330331206321716 0.40891730785369873
vt 0.8927832841873169 0.2766706943511963
vt 0.7047585844993591 0.4629087448120117
vt 0.8359200358390808 0.2636271119117737
vt 0.4219762980937958 0.8719108700752258
vt 0.8571114540100098 0.8699867129325867
vt 0.7999251484870911 0.3972873091697693
vt 0.359539270401001 0.363095760345459
vt 0.8958911895751953 0.46020978689193726
vt 0.14404146373271942 0.075924813747406
vt 0.37620043754577637 0.48690563440322876
vt 0.43856263160705566 0.9947865605354309
vt 0.43856263160705566 0.9947865605354309
vt 0.8393152356147766 0.6220109462738037
vt 0.8270149827003479 0.5451537370681763
vt 0.28788501024246216 0.707793116569519
vt 0.6079038381576538 0.9812138676643372
vt 0.8441263437271118 0.6010336875915527
vt 0.3122542202472687 0.5859355330467224
vt 0.5596221089363098 0.8657679557800293
vt 0.10908009111881256 0.20826798677444458
vt 0.9111800193786621 0.6656466722488403
vt 0.11376342177391052 0.06476855278015137
vt 0.4556412994861603 0.9169930219650269
vt 0.4556412994861603 0.9169930219650269
vt 0.1367173045873642 0.23862159252166748
vt 0.6642155647277832 0.9673720598220825
vt 0.1348717212677002 0.2154393196105957
vt 0.6415584683418274 0.9640384912490845
vt 0.9189226031303406 0.6914422512054443
vt 0.31948041915893555 0.4362003207206726
vt 0.8371866941452026 0.7552934288978577
vt 0.13769081234931946 0.01587057113647461
vt 0.32158711552619934 0.45976877212524414
vt 0.8141952157020569 0.7511895298957825
vt 0.40404847264289856 0.4441066384315491
vt 0.6387311220169067 0.8836445808410645
vt 0.37694087624549866 0.4402352571487427
vt 0.9629214406013489 0.6626889705657959
vt 0.10156016796827316 0.08731448650360107
vt 0.9865767955780029 0.6537758708000183
vt 0.5057932734489441 0.875569760799408
vt 0.9031438827514648 0.6299176216125488
vt 0.11218151450157166 0.008799374103546143
vt 0.8053690791130066 0.7269649505615234
vt 0.4996795356273651 0.9312409162521362
vt 0.9039380550384521 0.6852662563323975
vt 0.10532714426517487 0.2342919111251831
vt 0.6200166344642639 0.506676971912384
vt 0.7145887017250061 0.9301245808601379
vt 0.9155178666114807 0.36844128370285034
vt 0.14213693141937256 0.09649878740310669
vt 0.39409753680229187 0.4974197745323181
vt 0.5898420214653015 0.9063956141471863
vt 0.9960833787918091 0.6937659978866577
vt 0.3279680013656616 0.8595297336578369
vt 0.5746467113494873 0.5226666927337646
vt 0.00518769770860672 0.25059014558792114
vt 0.528574526309967 0.5250425338745117
vt 0.6252972483634949 0.5833940505981445
vt 0.1315973699092865 0.2866225838661194
vt 0.6436303853988647 0.4832310080528259
vt 0.711296558380127 0.9626356363296509
vt 0.29742446541786194 0.5262112617492676
vt 0.34313544631004333 0.9169930219650269
vt 0.5056194067001343 0.8339861035346985
vt 0.9155178666114807 0.5906001329421997
vt 0.7565323710441589 0.5416359901428223
vt 0.7960423231124878 0.49906212091445923
vt 0.7679053544998169 0.4598955512046814
vt 0.7907553315162659 0.46899521350860596
vt 0.7907553315162659 0.46899521350860596
vt 0.7778162360191345 0.43244171142578125
vt 0.7778162360191345 0.43244171142578125
vt 0.7091130018234253 0.5432599782943726
vt 0.7658869624137878 0.2645372152328491
vt 0.7602686285972595 0.4284130334854126
vt 0.7602686285972595 0.4284130334854126
vt 0.7726673483848572 0.48402416706085205
vt 0.8683943748474121 0.4117227792739868
vt 0.403704434633255 0.36653172969818115
vt 0.7153245806694031 0.8791516423225403
vt 0.9014772772789001 0.41697412729263306
vt 0.7474961280822754 0.4678298234939575
vt 0.7336026430130005 0.4377092719078064
vt 0.7336026430130005 0.4377092719078064
vt 0.7477508783340454 0.4906032085418701
vt 0.514622151851654 0.4853711724281311
vt 0.8108547329902649 0.3530340790748596
vt 0.576472818851471 0.4276748299598694
vt 0.620971143245697 0.4113275408744812
vt 0.33464089035987854 0.47632378339767456
vt 0.4166766405105591 0.8325101137161255
vt 0.7935717105865479 0.818117082118988
vt 0.09971372038125992 0.28640806674957275
vt 0.6645388007164001 0.45894211530685425
vt 0.5500381588935852 0.9710358381271362
vt 0.8897917866706848 0.5631399154663086
vt 0.8885139226913452 0.21021300554275513
vt 0.40022605657577515 0.8203836679458618
vt 0.7045562267303467 0.18791252374649048
vt 0.7440752983093262 0.20851510763168335
vt 0.3897428512573242 0.7826305627822876
vt 0.37444427609443665 0.74226975440979
vt 0.36872443556785583 0.6599314212799072
vt 0.41191309690475464 0.5162105560302734
vt 0.7525953650474548 0.8913956880569458
vt 0.3814377188682556 0.6063957214355469
vt 0.36167868971824646 0.7008815407752991
vt 0.8589564561843872 0.9002497792243958
vt 0.44193035364151 0.4077165126800537
vt 0.47701647877693176 0.3958668112754822
vt 0.5194331407546997 0.38801509141921997
vt 0.8982474207878113 0.8961672186851501
vt 0.5646562576293945 0.38549381494522095
vt 0.6116980910301208 0.37080442905426025
vt 0.7683835029602051 0.4008343815803528
vt 0.13305525481700897 0.10401326417922974
vt 0.41890472173690796 0.9057981967926025
vt 0.966786801815033 0.2785719633102417
vt 0.36245694756507874 0.9024781584739685
vt 0.6294838190078735 0.5210011005401611
vt 0.909835696220398 0.2810310125350952
vt 0.034945983439683914 0.10401326417922974
vt 0.051051314920186996 0.07396751642227173
vt 0.9584789872169495 0.37603217363357544
vt 0.9786598682403564 0.6020548939704895
vt 0.04767376184463501 0.1512877345085144
vt 0.051051314920186996 0.024636387825012207
vt 0.7658292055130005 0.6768897771835327
vt 0.00919040385633707 0.22252070903778076
vt 0.6396418809890747 0.5590890645980835
vt 0.8747594952583313 0.3001224398612976
vt 0.05536017566919327 0.17237186431884766
vt 0.9115337133407593 0.35711079835891724
vt 0.9276730418205261 0.6020548939704895
vt 0.13045358657836914 0.16165894269943237
vt 0.3871421217918396 0.9813952445983887
vt 0.47606930136680603 0.9057981967926025
vt 0.11264967918395996 0.19680285453796387
vt 0.42442330718040466 0.9941304922103882
vt 0.8249176144599915 0.6222429871559143
vt 0.8475318551063538 0.5008788108825684
vt 0.8626255989074707 0.7007793188095093
vt 0.1016363650560379 0.2607126235961914
vt 0.680588960647583 0.9177804589271545
vt 0.40404850244522095 0.41033297777175903
vt 0.6719744205474854 0.8791516423225403
vt 0.3664492964744568 0.39925098419189453
vt 0.13436613976955414 0.26269739866256714
vt 0.6881368160247803 0.9673070311546326
vt 0.30726170539855957 0.40345877408981323
vt 0.8706796765327454 0.7462183237075806
vt 0.7080819606781006 0.3968586325645447
vt 0.9348737001419067 0.8543250560760498
vt 0.7109323740005493 0.360647976398468
vt 0.9371137022972107 0.8886717557907104
vt 0.5385726690292358 0.908133327960968
vt 0.08194618672132492 0.015258729457855225
vt 0.7856552004814148 0.7029041051864624
vt 0.8261178731918335 0.6731710433959961
vt 0.5013865232467651 0.9023259878158569
vt 0.9013267159461975 0.6567602157592773
vt 0.9631245136260986 0.6378401517868042
vt 0.08740533888339996 0.19050252437591553
vt 0.9198579788208008 0.6379690170288086
vt 0.060691386461257935 0.23220425844192505
vt 0.051846615970134735 0.28803253173828125
vt 0.7029740810394287 0.4282498359680176
vt 0.7030315399169922 0.4345465302467346
vt 0.9353198409080505 0.8181171417236328
vt 0.08685079216957092 0.06037700176239014
vt 0.055407024919986725 0.2555276155471802
vt 0.8614228367805481 0.6608630418777466
vt 0.665764570236206 0.40192365646362305
vt 0.662789523601532 0.36237287521362305
vt 0.6661157011985779 0.4301690459251404
vt 0.7937396168708801 0.8987252116203308
vt 0.4013409912586212 0.5535521507263184
vt 0.3546707034111023 0.5344012975692749
vt 0.3812772333621979 0.8369320631027222
vt 0.8254538178443909 0.8321641683578491
vt 0.3160404860973358 0.5010969638824463
vt 0.3197345733642578 0.9373186826705933
vt 0.447136253118515 0.8315446972846985
vt 0.8069748282432556 0.8644654750823975
vt 0.0882488563656807 0.10434877872467041
vt 0.966786801815033 0.32337963581085205
vt 0.04186795651912689 0.9652784466743469
vt 0.1592244654893875 0.10347002744674683
vt 0.5343736410140991 0.593510091304779
vt 0.15870098769664764 0.27703797817230225
vt 0.2673090994358063 0.5941399335861206
vt 0.721010148525238 0.598490834236145
vt 0.29052430391311646 0.45850807428359985
vt 0.7681342959403992 0.7334065437316895
vt 0.28589457273483276 0.3323947787284851
vt 0.6431965827941895 0.24349826574325562
vt 0.7491026520729065 0.858758807182312
vt 0.005912804044783115 0.8204318284988403
vt 0.518118143081665 0.7390326261520386
vt 0.01109514944255352 0.6781045794487
vt 0.5788441896438599 0.8709201812744141
vt 0.6518621444702148 0.07903391122817993
vt 0.17773021757602692 0.6405066847801208
vt 0.48967862129211426 0.05692780017852783
vt 0.20611689984798431 0.8311057686805725
vt 0.13485701382160187 0.2981029748916626
vt 0.4918080270290375 0.27068978548049927
vt 0.11462502926588058 0.4887655973434448
vt 0.096185103058815 0.6240044236183167
vt 0.32322266697883606 0.30434930324554443
vt 0.22542637586593628 0.9756350517272949
vt 0.32475346326828003 0.06495112180709839
vt 0.250744104385376 0.6451442241668701
vt 0.42082032561302185 0.05640631914138794
vt 0.7372970581054688 0.2621583938598633
vt 0.9411523342132568 0.984983503818512
vt 0.7162490487098694 0.3262328505516052
vt 0.9388608336448669 0.9213930368423462
vt 0.2898802161216736 0.5000342130661011
vt 0.759494960308075 0.6919816732406616
vt 0.28496959805488586 0.5395570993423462
vt 0.7446037530899048 0.6532529592514038
vt 0.27638041973114014 0.5718562602996826
vt 0.7300811409950256 0.6217455863952637
vt 0.004459557123482227 0.7777612805366516
vt 0.5286003947257996 0.7813291549682617
vt 0.0063246749341487885 0.7381448149681091
vt 0.5446714758872986 0.8188567757606506
vt 0.009031620807945728 0.7027177810668945
vt 0.5632980465888977 0.8504845499992371
vt 0.2855893671512604 0.35391414165496826
vt 0.758449375629425 0.8387306332588196
vt 0.28745684027671814 0.3843587636947632
vt 0.7653523683547974 0.8084131479263306
vt 0.28974637389183044 0.42009079456329346
vt 0.7690348625183105 0.7724076509475708
vt 0.41697272658348083 0.3477169871330261
vt 0.9289454221725464 0.13032430410385132
vt 0.5614649653434753 0.33644235134124756
vt 0.31798985600471497 0.8396607637405396
vt 0.5635465979576111 0.2945091724395752
vt 0.2555731236934662 0.8345816731452942
vt 0.4337754249572754 0.6657989025115967
vt 0.007072045002132654 0.48142802715301514
vt 0.49089619517326355 0.6638025641441345
vt 0.06358238309621811 0.48977071046829224
vt 0.1493297517299652 0.24116826057434082
vt 0.6819465160369873 0.6002702713012695
vt 0.14443035423755646 0.17595034837722778
vt 0.6131452322006226 0.6006767749786377
vt 0.15002378821372986 0.1325405240058899
vt 0.5664744973182678 0.5981261730194092
vt 0.6102769374847412 0.8713743090629578
vt 0.6555107235908508 0.10842162370681763
vt 0.6498266458511353 0.8713743090629578
vt 0.6551988124847412 0.14607125520706177
vt 0.6504840850830078 0.20731252431869507
vt 0.7121322154998779 0.8640106320381165
vt 0.05863911285996437 0.6327428817749023
vt 0.3565441370010376 0.2869715690612793
vt 0.006310899741947651 0.6373744010925293
vt 0.40569868683815 0.2731170058250427
vt 0.5224555134773254 0.8121441602706909
vt 0.7349087595939636 0.07105457782745361
vt 0.7101884484291077 0.13051265478134155
vt 0.45811817049980164 0.8198617696762085
vt 0.44785255193710327 0.5121643543243408
vt 0.7504317164421082 0.9262608885765076
vt 0.06509440392255783 0.30142712593078613
vt 0.42178452014923096 0.2664635181427002
vt 0.5168187618255615 0.495266318321228
vt 0.7455244660377502 0.9937747120857239
vt 0.49275121092796326 0.10171902179718018
vt 0.49115896224975586 0.15014445781707764
vt 0.48955172300338745 0.2158023715019226
vt 0.13163508474826813 0.34354591369628906
vt 0.12475747615098953 0.3877900242805481
vt 0.11937107145786285 0.4431641101837158
vt 0.03140239045023918 0.9422719478607178
vt 0.5277891755104065 0.6167505383491516
vt 0.019690265879034996 0.9065679311752319
vt 0.5198218822479248 0.652105450630188
vt 0.010517068207263947 0.8645931482315063
vt 0.5154820680618286 0.6941769123077393
vt 0.1984168142080307 0.7909685373306274
vt 0.1980927437543869 0.7344564199447632
vt 0.1898868978023529 0.6894766092300415
vt 0.2248637080192566 0.9431098699569702
vt 0.22627750039100647 0.9097309708595276
vt 0.2197878211736679 0.8703416585922241
vt 0.09749481081962585 0.5219439268112183
vt 0.09140943735837936 0.5546485185623169
vt 0.09451258927583694 0.5859997272491455
vt 0.12527146935462952 0.6448596715927124
vt 0.5396252274513245 0.05640631914138794
vt 0.07621002197265625 0.6577502489089966
vt 0.5881773829460144 0.0601385235786438
vt 0.037476591765880585 0.6704939007759094
vt 0.6267991662025452 0.06935250759124756
vt 0.0612175352871418 0.8234037160873413
vt 0.11345899105072021 0.824413001537323
vt 0.16157963871955872 0.8274174332618713
vt 0.1519385427236557 0.4703616499900818
vt 0.193494975566864 0.4567403197288513
vt 0.23633752763271332 0.45438724756240845
vt 0.258741557598114 0.32495808601379395
vt 0.6176044940948486 0.2563064694404602
vt 0.2219589501619339 0.31171685457229614
vt 0.5791304707527161 0.26570653915405273
vt 0.17951060831546783 0.3002222776412964
vt 0.5357293486595154 0.26901155710220337
vt 0.12715353071689606 0.614913821220398
vt 0.2925642430782318 0.3107050061225891
vt 0.17740556597709656 0.6057294607162476
vt 0.24326352775096893 0.30363255739212036
vt 0.19126655161380768 0.2918146848678589
vt 0.23104894161224365 0.5966712236404419
vt 0.08048810064792633 0.9695303440093994
vt 0.19036194682121277 0.08744752407073975
vt 0.1370791643857956 0.9753438830375671
vt 0.24172253906726837 0.07323604822158813
vt 0.1916578710079193 0.976579487323761
vt 0.29295992851257324 0.0666201114654541
vt 0.5747444033622742 0.7400425672531128
vt 0.6308465003967285 0.7417011260986328
vt 0.6864781379699707 0.7400354146957397
vt 0.9006573557853699 0.9273821115493774
vt 0.8531719446182251 0.9285808205604553
vt 0.7956472635269165 0.9292329549789429
vt 0.4239148497581482 0.10107827186584473
vt 0.8992363810539246 0.990508496761322
vt 0.423273503780365 0.14812922477722168
vt 0.8547423481941223 0.993712306022644
vt 0.4232618808746338 0.2103443145751953
vt 0.7964615225791931 0.99592524766922
vt 0.7469571828842163 0.13295453786849976
vt 0.8022829294204712 0.13543850183486938
vt 0.8845931887626648 0.13388866186141968
vt 0.40905052423477173 0.24946749210357666
vt 0.7585856914520264 0.07396048307418823
vt 0.41015198826789856 0.201551616191864
vt 0.8064196109771729 0.07357746362686157
vt 0.40925922989845276 0.11654478311538696
vt 0.8911707401275635 0.07105457782745361
vt 0.36155515909194946 0.2510104179382324
vt 0.36269646883010864 0.19522273540496826
vt 0.36219435930252075 0.11224573850631714
vt 0.4462563097476959 0.33715832233428955
vt 0.47974398732185364 0.33203327655792236
vt 0.5224714279174805 0.33867543935775757
vt 0.30935409665107727 0.969825029373169
vt 0.44068968296051025 0.282148540019989
vt 0.31118646264076233 0.9243553876876831
vt 0.48406705260276794 0.2844558358192444
vt 0.3172682225704193 0.8797998428344727
vt 0.5260368585586548 0.2916826009750366
vt 0.26093626022338867 0.9578342437744141
vt 0.2649792432785034 0.9156568050384521
vt 0.26662197709083557 0.874407172203064
vt 0.44826748967170715 0.5502955317497253
vt 0.44092321395874023 0.6107743978500366
vt 0.03587006404995918 0.427826464176178
vt 0.04274177923798561 0.41951102018356323
vt 0.5151136517524719 0.6103029251098633
vt 0.06274094432592392 0.34632664918899536
vt 0.5224555134773254 0.5382754802703857
vt 0.08365852385759354 0.46376538276672363
vt 0.43633976578712463 0.7019088268280029
vt 0.44184041023254395 0.7367996573448181
vt 0.4590824246406555 0.7776997089385986
vt 0.005723217502236366 0.5214231610298157
vt 0.49622243642807007 0.7024520635604858
vt 0.004170025698840618 0.5560940504074097
vt 0.503806471824646 0.7355045080184937
vt 0.004170025698840618 0.5972590446472168
vt 0.5174422860145569 0.7732354998588562
vt 0.05394519120454788 0.5243644118309021
vt 0.05269288644194603 0.5595372915267944
vt 0.056402772665023804 0.5918323993682861
vt 0.611642599105835 0.3274846076965332
vt 0.6669390201568604 0.32281768321990967
vt 0.28595787286758423 0.7677252292633057
vt 0.2933083474636078 0.7814632654190063
vt 0.6171236038208008 0.27017921209335327
vt 0.2355368286371231 0.8003052473068237
vt 0.2588259279727936 0.7021313905715942
vt 0.6830126643180847 0.2565995454788208
vt 0.15375284850597382 0.7827954888343811
vt 0.14686428010463715 0.7340840101242065
vt 0.13625480234622955 0.6892596483230591
vt 0.10444293916225433 0.7833262085914612
vt 0.09589695930480957 0.741359293460846
vt 0.08718777447938919 0.7000053524971008
vt 0.05523011088371277 0.7833340764045715
vt 0.050846751779317856 0.7441557049751282
vt 0.0459011010825634 0.7063087224960327
vt 0.17317745089530945 0.3453153371810913
vt 0.16632646322250366 0.38608282804489136
vt 0.15807555615901947 0.42934268712997437
vt 0.21011705696582794 0.3476424813270569
vt 0.20426511764526367 0.3839572072029114
vt 0.19929687678813934 0.42187434434890747
vt 0.2472444325685501 0.35480499267578125
vt 0.24207454919815063 0.38524919748306274
vt 0.23898479342460632 0.41943037509918213
vt 0.14052999019622803 0.5094200372695923
vt 0.12427351623773575 0.5427400469779968
vt 0.12352506071329117 0.5772964358329773
vt 0.18679994344711304 0.4936341643333435
vt 0.17780296504497528 0.5308488607406616
vt 0.17430482804775238 0.572083592414856
vt 0.2350407838821411 0.49158960580825806
vt 0.2317236214876175 0.5284304618835449
vt 0.22813063859939575 0.5649386644363403
vt 0.18938006460666656 0.9408255219459534
vt 0.18356157839298248 0.904555082321167
vt 0.17170488834381104 0.8656587600708008
vt 0.13605721294879913 0.9388967156410217
vt 0.12951108813285828 0.9018244743347168
vt 0.12164267152547836 0.8634058237075806
vt 0.08204012364149094 0.9383009076118469
vt 0.07529835402965546 0.9030521512031555
vt 0.06734903156757355 0.8637092113494873
vt 0.538936972618103 0.10261392593383789
vt 0.5368664264678955 0.1502518653869629
vt 0.5349995493888855 0.21757400035858154
vt 0.5837222337722778 0.10449957847595215
vt 0.5808672308921814 0.1496793031692505
vt 0.5792211890220642 0.21853965520858765
vt 0.6225834488868713 0.10802894830703735
vt 0.6204400658607483 0.14832043647766113
vt 0.6183356642723083 0.21350455284118652
vt 0.2965794503688812 0.2616614103317261
vt 0.2981138229370117 0.18886679410934448
vt 0.2968842685222626 0.11387878656387329
vt 0.24638381600379944 0.25971513986587524
vt 0.2467850148677826 0.1936284303665161
vt 0.2456032931804657 0.11843955516815186
vt 0.19175750017166138 0.2519189715385437
vt 0.18930165469646454 0.19153261184692383
vt 0.19043783843517303 0.12591707706451416
vt 0.5827816128730774 0.7765278816223145
vt 0.5931634306907654 0.8103798627853394
vt 0.6035335659980774 0.842054545879364
vt 0.6358286738395691 0.7756208777427673
vt 0.640259325504303 0.8081915974617004
vt 0.6447380185127258 0.8400333523750305
vt 0.7006282806396484 0.7737923264503479
vt 0.7061768770217896 0.8062547445297241
vt 0.7079864144325256 0.836980402469635
vt 0.6796469688415527 0.7012854814529419
vt 0.6707831621170044 0.6630942821502686
vt 0.6741018891334534 0.6327606439590454
vt 0.6256982684135437 0.7048584818840027
vt 0.6213919520378113 0.667171835899353
vt 0.6169824600219727 0.6359864473342896
vt 0.5713230967521667 0.7013835310935974
vt 0.5715930461883545 0.6633812189102173
vt 0.5711371898651123 0.6306644678115845
vt 0.31798985600471497 0.9957306981086731
vt 0.41015201807022095 0.08894753456115723
vt 0.4149661362171173 0.28686338663101196
vt 0.918655514717102 0.0716942548751831
vt 0.26411741971969604 0.986992359161377
vt 0.3604339361190796 0.07743531465530396
vt 0.3256906569004059 0.2589929699897766
vt 0.32733505964279175 0.18990981578826904
vt 0.3263706862926483 0.11265575885772705
vt 0.5901318788528442 0.5478134155273438
vt 0.3524700999259949 0.9586959481239319
vt 0.4604446589946747 0.8678338527679443
vt 0.3686468005180359 0.8671432137489319
vt 0.5516105890274048 0.5238546133041382
vt 0.4646400809288025 0.9893214106559753
vt 0.8559861779212952 0.6053191423416138
vt 0.3398943245410919 0.8429597616195679
vt 0.5820865035057068 0.5065538287162781
vt 0.8653029203414917 0.8419243097305298
vt 0.6006393432617188 0.5706332921981812
vt 0.9432067275047302 0.6384599208831787
vt 0.9270277619361877 0.6450133919715881
vt 0.9577434659004211 0.6464247703552246
vt 0.9413365721702576 0.6634061336517334
vt 0.929843008518219 0.6553028225898743
vt 0.11246383935213089 0.037123799324035645
vt 0.08571681380271912 0.04478323459625244
vt 0.0950927585363388 0.05778813362121582
vt 0.09001228213310242 0.023862361907958984
vt 0.1025569960474968 0.025251924991607666
vt 0.0830438956618309 0.025356769561767578
vt 0.07903683930635452 0.04500269889831543
vt 0.9265393614768982 0.6379491090774536
vt 0.9437450170516968 0.6321361064910889
vt 0.9542102813720703 0.657789945602417
vt 0.9508625268936157 0.6628534197807312
vt 0.11267649382352829 0.044824063777923584
vt 0.10770214349031448 0.05507314205169678
vt 0.9421858787536621 0.6510142087936401
vt 0.09895559400320053 0.04063349962234497
vt 0.9264302849769592 0.6447271108627319
vt 0.9432650208473206 0.6378992795944214
vt 0.9581542611122131 0.6460406184196472
vt 0.9583358764648438 0.6461024284362793
vt 0.929414689540863 0.6556423902511597
vt 0.9411734938621521 0.6639321446418762
vt 0.09483490884304047 0.05833166837692261
vt 0.08516927808523178 0.04490846395492554
vt 0.08961924910545349 0.023318052291870117
vt 0.1028369814157486 0.024779915809631348
vt 0.11297667771577835 0.03693288564682007
vt 0.9510979652404785 0.663364827632904
vt 0.9546225070953369 0.6580163836479187
vt 0.11320209503173828 0.04490828514099121
vt 0.10806449502706528 0.05547994375228882
vn 0.7877043527470211 -0.13400073896781606 0.6013032966976614
vn 0.7877043527470211 -0.13400073896781606 0.6013032966976614
vn 0.5340000254315683 -0.25250002095476115 0.8069000633640633
vn 0.25759722685290687 -0.8940903759630002 0.36639605391984337
vn 0.25759722685290687 -0.8940903759630002 0.36639605391984337
vn 0.6198665632668455 -0.6971623972790663 0.3601805596695292
vn 0.6198665632668455 -0.6971623972790663 0.3601805596695292
vn 0.6198665632668455 -0.6971623972790663 0.3601805596695292
vn 0.6198665632668455 -0.6971623972790663 0.3601805596695292
vn 0.3943875768543906 -0.6209804007081999 0.6773786099067535
vn 0.6065244220009334 -0.2442098225868681 -0.7566304831742666
vn 0.6065244220009334 -0.2442098225868681 -0.7566304831742666
vn 0.4472165832367831 -0.6133227712015533 -0.6510241977097813
vn 0.4472165832367831 -0.6133227712015533 -0.6510241977097813
vn 0.4471874859627336 -0.6132828816955435 -0.6510817609314055
vn -0.15800093809600882 0.9226053489014691 -0.35190207975966836
vn -0.15800093809600882 0.9226053489014691 -0.35190207975966836
vn -0.4496920058584042 0.3344940803849463 -0.828185251048625
vn -0.4496920058584042 0.3344940803849463 -0.828185251048625
vn -0.4496920058584042 0.3344940803849463 -0.828185251048625
vn 0.6825983817847989 0.25489940109667625 -0.6848983461108148
vn 0.6565264088195885 -0.08110326810072484 -0.7499302197043645
vn 0.6565264088195885 -0.08110326810072484 -0.7499302197043645
vn 0.3652854644214982 0.2803888682202461 -0.8876646957385089
vn 0.3652854644214982 0.2803888682202461 -0.8876646957385089
vn 0.9125821442349348 -0.26059490019438547 -0.31509384001634677
vn 0.9125821442349348 -0.26059490019438547 -0.31509384001634677
vn 0.9125821442349348 -0.26059490019438547 -0.31509384001634677
vn 0.9125821442349348 -0.26059490019438547 -0.31509384001634677
vn 0.6886127492288868 0.08080149325974101 0.7206133500612031
vn 0.6886127492288868 0.08080149325974101 0.7206133500612031
vn 0.4626094378323353 0.020800424638284184 0.8863181428602923
vn 0.37818762012585794 0.1662945551928473 0.9106702174205287
vn -0.2476924894747563 0.7794763380697955 0.5753825414861836
vn -0.5975920215897856 0.4191944359193325 0.6834908928628864
vn -0.5975277641322763 0.4192194673050116 0.6835317178621524
vn -0.5975277641322763 0.4192194673050116 0.6835317178621524
vn 0.34650678778704436 0.7910154682592236 0.5042098521371289
vn 0.3463913596241024 0.791080309491123 0.5041874352988134
vn -0.6727983952897412 -0.7397981883556473 0.006399984472763947
vn 0.4300938553614455 0.1484978843567135 0.8904873126114197
vn 0.4300938553614455 0.1484978843567135 0.8904873126114197
vn 0.3589970564927364 -0.605595018070473 0.7101941900056453
vn 0.6321629113138882 -0.7574555666974023 -0.16319043488595228
vn 0.6322108117398857 -0.7574129233716178 -0.16320279724580253
vn 0.63059612456025 -0.7741952688525561 0.0544996639981547
vn 0.63059612456025 -0.7741952688525561 0.0544996639981547
vn 0.9522730841853886 -0.13249624622348177 0.27499221420384684
vn 0.925915956486316 0.20570354163405066 -0.31680545210466177
vn 0.215493581459761 -0.9759709464584501 -0.03229904052201032
vn 0.7759455808331194 -0.6269368343371604 0.06970409842220736
vn 0.7759455808331194 -0.6269368343371604 0.06970409842220736
vn 0.45609184072354897 -0.8887841501328431 0.04519919576767564
vn 0.45609184072354897 -0.8887841501328431 0.04519919576767564
vn -0.6157092897264315 0.6612099247125633 -0.428606469860383
vn -0.30109927968222355 0.9468977992370953 0.11279974102271573
vn 0.9083668212504259 0.18729316410758182 0.3738863312959802
vn 0.8107346356111336 -0.5589239227630591 0.17410743575056206
vn 0.8107346356111336 -0.5589239227630591 0.17410743575056206
vn 0.9464626152209229 0.18929253198488113 0.26148968492834307
vn 0.9464626152209229 0.18929253198488113 0.26148968492834307
vn 0.48709431917298285 0.18379785722521996 -0.8537900631354443
vn 0.48717059085998526 0.18378890447520285 -0.853748472322462
vn 0.48709431917298285 0.18379785722521996 -0.8537900631354443
vn 0.9562962697422643 -0.06359975070664856 -0.28539887208446135
vn 0.6302912609191644 0.05799919534976255 -0.774189266102101
vn 0.6302912609191644 0.05799919534976255 -0.774189266102101
vn 0.6302912609191644 0.05799919534976255 -0.774189266102101
vn 0.11189530880349366 0.594775025886546 -0.7960666482458798
vn 0.11189530880349366 0.594775025886546 -0.7960666482458798
vn 0.22359037947223195 0.44188101182438433 0.8687626336327556
vn 0.22359037947223195 0.44188101182438433 0.8687626336327556
vn 0.8048795215565867 0.5727854195943939 0.15519606592602195
vn 0.019199358565132708 -0.8199725264562867 -0.5720807989153119
vn 0.024800749436200007 0.9858298278075145 0.1659050132829303
vn 0.04290015201903654 -0.2938010361330147 0.9549034129816012
vn 0.04290015201903654 -0.2938010361330147 0.9549034129816012
vn 0.3201015823481266 0.13850068759746684 0.9372046396135982
vn 0.3201015823481266 0.13850068759746684 0.9372046396135982
vn 0.3201015823481266 0.13850068759746684 0.9372046396135982
vn 0.9509890047745252 -0.2702968707596324 -0.15019825050748312
vn 0.9509890047745252 -0.2702968707596324 -0.15019825050748312
vn 0.9753842515168056 0.1851970172838212 0.11969806465510135
vn 0.9753842515168056 0.1851970172838212 0.11969806465510135
vn 0.9753842515168056 0.1851970172838212 0.11969806465510135
vn 0.615716088025171 -0.6137159946031394 0.49421288622946613
vn 0.615716088025171 -0.6137159946031394 0.49421288622946613
vn 0.835812344664869 -0.5215077118269643 0.17160253789154287
vn 0.24088972266044853 0.49257900204900373 0.8362643530947494
vn 0.5356822425945289 0.6086798101255954 0.585280636715726
vn 0.5356822425945289 0.6086798101255954 0.585280636715726
vn 0.2103914267917977 0.4947798426544345 -0.8431656746069331
vn 0.2103914267917977 0.4947798426544345 -0.8431656746069331
vn 0.8830051865523109 0.4566026847109102 0.10870063862051622
vn 0.8830051865523109 0.4566026847109102 0.10870063862051622
vn 0.7454323916542611 0.08430366456353384 -0.6612287362280677
vn 0.7454323916542611 0.08430366456353384 -0.6612287362280677
vn -0.17449641658967247 0.1333972432728195 0.9755799178358356
vn 0.36348465201935287 -0.5986747164907635 0.7137699150153878
vn 0.36348465201935287 -0.5986747164907635 0.7137699150153878
vn 0.36348465201935287 -0.5986747164907635 0.7137699150153878
vn 0.7001901887609682 0.3629949093602385 0.6147913429298041
vn 0.7001901887609682 0.3629949093602385 0.6147913429298041
vn 0.7001901887609682 0.3629949093602385 0.6147913429298041
vn 0.7001901887609682 0.3629949093602385 0.6147913429298041
vn -0.8816954519557291 0.4389977468101857 -0.17289912751706618
vn -0.8816954519557291 0.4389977468101857 -0.17289912751706618
vn -0.506213134729252 0.05390139734798108 0.8607223138687177
vn -0.506213134729252 0.05390139734798108 0.8607223138687177
vn -0.506213134729252 0.05390139734798108 0.8607223138687177
vn 0.07119766292636193 -0.49148384437818277 0.8679714992492935
vn 0.07119766292636193 -0.49148384437818277 0.8679714992492935
vn 0.07119766292636193 -0.49148384437818277 0.8679714992492935
vn -0.2611051978754391 0.5992119639517474 -0.7568151015271285
vn -0.2611051978754391 0.5992119639517474 -0.7568151015271285
vn -0.2611051978754391 0.5992119639517474 -0.7568151015271285
vn -0.2611051978754391 0.5992119639517474 -0.7568151015271285
vn 0.9016027243948466 -0.24220072668082054 -0.35840108169350265
vn 0.9894760638145434 0.00019999516199293836 0.14469650700695177
vn 0.872504412420377 0.2553012667016194 0.4166021045644408
vn 0.7542949881868147 0.5253964639521416 0.3936973792938416
vn 0.9419987081596508 -0.17029978117790784 0.2891996167983382
vn 0.708170849345445 0.5269783426734976 0.4698807024026893
vn 0.9928109409453484 0.07460082144733224 -0.09360103086288818
vn 0.5425907459780258 -0.7852866178557572 -0.29819491980192364
vn 0.5425907459780258 -0.7852866178557572 -0.29819491980192364
vn 0.8261168112786382 0.13450273079592232 0.547211137981725
vn 0.9532323636450332 -0.008800299432668392 -0.3021102706456682
vn 0.9544972991647612 0.26819925427617397 0.13039963915931876
vn 0.8643217933117119 -0.04620116391726861 0.5008126296920997
vn 0.5694821383099867 -0.6748788245577784 0.46928527177975293
vn 0.5694821383099867 -0.6748788245577784 0.46928527177975293
vn 0.5694821383099867 -0.6748788245577784 0.46928527177975293
vn 0.9096189124121812 -0.3105064624653543 0.2760057444136483
vn 0.7829109065872795 -0.44270617689252273 0.4371061121602977
vn 0.9382220499985238 -0.3329078043218435 -0.09440221776090073
vn 0.9703881560363733 -0.23599712112380672 -0.05149937325446325
vn 0.7368874546506496 0.2578956185595732 0.6248893734944305
vn 0.7368874546506496 0.2578956185595732 0.6248893734944305
vn 0.39021055263321575 0.1756047667359651 0.9038244799258801
vn 0.22229972669549244 0.31759962707877837 0.921798952261571
vn -0.37048819595967125 0.8585727199709908 -0.35438874301558
vn -0.37048819595967125 0.8585727199709908 -0.35438874301558
vn -0.37048819595967125 0.8585727199709908 -0.35438874301558
vn -0.274490428432253 -0.1370952191370684 0.9517667285573905
vn -0.274490428432253 -0.1370952191370684 0.9517667285573905
vn 0.8924240386498213 0.04010108075797651 -0.4494121032660161
vn 0.8924240386498213 0.04010108075797651 -0.4494121032660161
vn 0.24780702576585117 -0.9687274688830206 0.012600357636959625
vn 0.13719714872628472 -0.5919877158956351 -0.7941835345875955
vn 0.13719714872628472 -0.5919877158956351 -0.7941835345875955
vn 0.18409474800779543 -0.9589725868682754 -0.21559383430681486
vn 0.10150008308338443 -0.15680013071313662 -0.9824008612284546
vn 0.1119960872119407 -0.06049788489896746 -0.9918653549610283
vn 0.03609958687681969 0.2138975425932775 -0.9761888449986917
vn -0.059497187870444945 0.9012573851903108 -0.42917969462153344
vn -0.059497187870444945 0.9012573851903108 -0.42917969462153344
vn -0.04019840562547402 0.4625816660277538 -0.8856648860828554
vn 0.12350229883228497 0.07350137063459142 -0.9896184773426463
vn -0.08939771787364352 0.9831748857809323 0.1592959259009319
vn 0.16259785549577477 -0.6120919232480614 0.7738897950500861
vn 0.06880184703171414 -0.3812101910468039 0.9219246694210345
vn 0.03230075116234101 -0.23390544593266782 0.9717226475890063
vn -0.11090100610352416 0.8424076478771518 0.5273047711175299
vn 0.011400233502003634 -0.05680116413240744 0.998320420721375
vn -0.040100067341862174 0.19790032253276493 0.9794015759332867
vn 0.9917558036247256 -0.03419848022618278 0.12349449350839206
vn -0.3744069831504968 0.9136171091102221 -0.1585029618310785
vn -0.3744069831504968 0.9136171091102221 -0.1585029618310785
vn -0.3744069831504968 0.9136171091102221 -0.1585029618310785
vn -0.2583932767340314 0.9547751738281246 -0.14709616575602816
vn -0.2583932767340314 0.9547751738281246 -0.14709616575602816
vn -0.2583932767340314 0.9547751738281246 -0.14709616575602816
vn 0.47510130998472305 0.7365020328271223 0.4815012989518474
vn 0.47510130998472305 0.7365020328271223 0.4815012989518474
vn 0.47510130998472305 0.7365020328271223 0.4815012989518474
vn 0.47510130998472305 0.7365020328271223 0.4815012989518474
vn 0.6195258805272762 0.7791325682579108 0.09560399801648028
vn 0.6195258805272762 0.7791325682579108 0.09560399801648028
vn 0.6195258805272762 0.7791325682579108 0.09560399801648028
vn -0.019998968129816056 0.7085634576963203 0.7053636421670579
vn -0.019998968129816056 0.7085634576963203 0.7053636421670579
vn -0.019998968129816056 0.7085634576963203 0.7053636421670579
vn 0.1318985021860193 0.7352916303428834 0.66479245142284
vn 0.1318985021860193 0.7352916303428834 0.66479245142284
vn 0.1318985021860193 0.7352916303428834 0.66479245142284
vn -0.24419207226780085 0.9661685569518381 -0.08299729754130405
vn -0.24499552275733466 0.9657822983665248 -0.08509844881508147
vn -0.24419207226780085 0.9661685569518381 -0.08299729754130405
vn 0.7114280643997042 0.6997276137070495 -0.06520257510504167
vn 0.7114280643997042 0.6997276137070495 -0.06520257510504167
vn 0.7114280643997042 0.6997276137070495 -0.06520257510504167
vn 0.9906102175461645 -0.10700110828186644 0.08510087966403716
vn 0.7497061182314654 0.014800120466997404 -0.6616053904862551
vn -0.40880201155626666 -0.19010092835611947 0.8926043649824326
vn 0.12579494096683574 -0.840266186438366 0.5273787716200523
vn 0.32081000513193375 -0.9000280679226527 0.29500918215992133
vn 0.32081000513193375 -0.9000280679226527 0.29500918215992133
vn 0.5794037518441841 -0.8150052340966741 0.00760004894119633
vn -0.13900517679913385 -0.5632210075080598 0.8145303294074736
vn -0.13900517679913385 -0.5632210075080598 0.8145303294074736
vn 0.7936033917475388 -0.45450194037339514 -0.4045017216324565
vn 0.7936033917475388 -0.45450194037339514 -0.4045017216324565
vn -0.05860019507737867 0.4915016022775044 0.8689028668933824
vn -0.05860019507737867 0.4915016022775044 0.8689028668933824
vn -0.09090367284111826 0.5403218615443077 0.8365338057731373
vn -0.09090367284111826 0.5403218615443077 0.8365338057731373
vn 0.43462347854167943 0.46022486548894304 -0.7741417861645337
vn 0.8615229929123701 0.4954132256581066 0.11110296362537916
vn 0.8615229929123701 0.4954132256581066 0.11110296362537916
vn 0.7794048576891996 0.4666029089575452 -0.4181026108060499
vn 0.49120623284061843 0.32730415737145246 -0.8072102733401573
vn 0.49120623284061843 0.32730415737145246 -0.8072102733401573
vn 0.40920452048306 0.33880374981555567 0.8472093481112843
vn 0.3024187973742266 0.4090254593536339 0.860953567037895
vn 0.30239276190171205 0.4089902384046964 0.8609794436797689
vn -0.1980050112104724 0.3622091538468218 0.9108230038844595
vn -0.3251052322987426 0.15900254879738981 0.9322149845437554
vn -0.3251052322987426 0.15900254879738981 0.9322149845437554
vn -0.3251052322987426 0.15900254879738981 0.9322149845437554
vn -0.3251052322987426 0.15900254879738981 0.9322149845437554
vn 0.88671428221029 0.37170598018138234 0.27490443070581444
vn -0.46460904169094247 0.08510165932334071 0.8814171237044571
vn 0.5923181223941443 0.2807085834724045 -0.7552231015060328
vn 0.08229650934815945 0.3672844305630925 0.9264607016031781
vn -0.062299238682118147 0.3488957101369757 0.9350885457044398
vn 0.09720129173660157 0.28120373678467836 0.9547127145393369
vn -0.05659772058845878 0.9832603293134474 -0.17319302186462793
vn -0.07850361590984241 0.7189331628356332 -0.690631804700763
vn -0.09690378642712186 0.8167318732416902 -0.5688222072029244
vn -0.4187000779438861 0.8710001269236598 -0.2570000459703312
vn -0.4187000779438861 0.8710001269236598 -0.2570000459703312
vn -0.37322384053277396 0.753648160560308 -0.5410345783238172
vn -0.37319572830188646 0.7536913564768223 -0.5409937962207626
vn -0.37322384053277396 0.753648160560308 -0.5410345783238172
vn -0.2206022761604012 0.9635100406836874 -0.15160157405043412
vn 0.08479783398971963 0.978674974922502 0.18709521856822622
vn 0.08479783398971963 0.978674974922502 0.18709521856822622
vn -0.3899000818459689 -0.9207002367915509 0.01700000436731402
vn -0.3899000818459689 -0.9207002367915509 0.01700000436731402
vn -0.3899000818459689 -0.9207002367915509 0.01700000436731402
vn -0.4714059544360495 -0.719209076907357 -0.5104064359079974
vn -0.4714059544360495 -0.719209076907357 -0.5104064359079974
vn -0.4714059544360495 -0.719209076907357 -0.5104064359079974
vn -0.7303667901430471 0.08639607153679883 -0.6775692368158036
vn -0.7303667901430471 0.08639607153679883 -0.6775692368158036
vn -0.6972186495510494 0.6416171724854086 -0.3197085527320787
vn -0.6972186495510494 0.6416171724854086 -0.3197085527320787
vn -0.6972186495510494 0.6416171724854086 -0.3197085527320787
vn -0.8193000005192447 -0.08180000084027769 0.567500016750393
vn -0.8193000005192447 -0.08180000084027769 0.567500016750393
vn -0.7218001736052969 0.5504001116040836 0.4196000792773704
vn -0.7218001736052969 0.5504001116040836 0.4196000792773704
vn -0.7218001736052969 0.5504001116040836 0.4196000792773704
vn 0.07870188382239116 0.6600158237038658 0.7471178795500174
vn 0.07870188382239116 0.6600158237038658 0.7471178795500174
vn 0.16629298460351222 0.07959664105112159 0.9828585951219204
vn 0.1424036591109346 0.8124208273813919 -0.5654145356362456
vn 0.1424036591109346 0.8124208273813919 -0.5654145356362456
vn 0.11210092675572489 0.046500383867585475 -0.9926082291219809
vn 0.15239568993492122 -0.7492788162972764 -0.644481814434986
vn 0.15239568993492122 -0.7492788162972764 -0.644481814434986
vn 0.08499716668167737 -0.9640678424052995 0.2516916305642241
vn 0.08499716668167737 -0.9640678424052995 0.2516916305642241
vn 0.11569949844692219 0.603797428461758 0.7886965775519117
vn 0.11569949844692219 0.603797428461758 0.7886965775519117
vn 0.11569949844692219 0.603797428461758 0.7886965775519117
vn 0.11569949844692219 0.603797428461758 0.7886965775519117
vn 0.0282002392586815 0.5666048215924813 0.8235069657591887
vn 0.0282002392586815 0.5666048215924813 0.8235069657591887
vn -0.6913167180013019 -0.15910385415071737 -0.7048171103245833
vn -0.6913167180013019 -0.15910385415071737 -0.7048171103245833
vn -0.6148201813837119 -0.4219138615835042 -0.6663218726463924
vn -0.6148201813837119 -0.4219138615835042 -0.6663218726463924
vn -0.5562991041354436 -0.5722990773511958 -0.6024990230706377
vn -0.5562991041354436 -0.5722990773511958 -0.6024990230706377
vn -0.8315291627464497 0.12110424988179666 0.5421190018462326
vn -0.8315291627464497 0.12110424988179666 0.5421190018462326
vn -0.8198912063212581 0.27709703399695446 0.5009946542101652
vn -0.8198912063212581 0.27709703399695446 0.5009946542101652
vn -0.7869253803214555 0.4065131272148962 0.46421495366683097
vn -0.7869253803214555 0.4065131272148962 0.46421495366683097
vn -0.7430788186778811 0.48338621257600634 -0.4627868177937965
vn -0.7430788186778811 0.48338621257600634 -0.4627868177937965
vn -0.757037329714399 0.3400167501769414 -0.5579274962017947
vn -0.757037329714399 0.3400167501769414 -0.5579274962017947
vn -0.7484321285784924 0.2306098991958012 -0.6218266826892918
vn -0.7484321285784924 0.2306098991958012 -0.6218266826892918
vn 0.0954996910477241 -0.9260970034099801 0.3649988346349131
vn 0.0954996910477241 -0.9260970034099801 0.3649988346349131
vn -0.01549941286398128 -0.10489603145610289 0.9943624041493284
vn 0.1597026251570381 -0.06510107068641366 0.9850162039852103
vn 0.1597026251570381 -0.06510107068641366 0.9850162039852103
vn 0.31159322472409323 0.037399186506014516 0.9494793115991149
vn -0.11100536920819373 0.08650418052164605 -0.9900478951844861
vn 0.14319961327357542 0.0658998222799679 -0.9874973843923674
vn 0.14319961327357542 0.0658998222799679 -0.9874973843923674
vn 0.3419153647667286 0.06970313104424758 -0.9371421220172867
vn -0.48399231922973746 -0.8229869281868736 -0.2973952772996799
vn -0.48399231922973746 -0.8229869281868736 -0.2973952772996799
vn -0.4281092047368689 -0.8856190545207228 -0.1800038863174542
vn -0.4281092047368689 -0.8856190545207228 -0.1800038863174542
vn -0.4142945211064691 -0.9044880489860504 -0.10129866249151359
vn -0.4142945211064691 -0.9044880489860504 -0.10129866249151359
vn -0.760607251366733 0.5963056752393978 0.256702455862092
vn -0.760607251366733 0.5963056752393978 0.256702455862092
vn -0.7710079628977395 0.6349065368226551 0.04940051263033611
vn -0.7710079628977395 0.6349065368226551 0.04940051263033611
vn -0.7535031220697584 0.6415026599047929 -0.14390059890842063
vn -0.7535031220697584 0.6415026599047929 -0.14390059890842063
vn 0.2293996681267734 -0.7299989523526398 -0.6437991315832716
vn 0.2293996681267734 -0.7299989523526398 -0.6437991315832716
vn 0.013900529181541433 -0.6770257749316381 -0.7358280202375337
vn 0.013900529181541433 -0.6770257749316381 -0.7358280202375337
vn 0.013900529181541433 -0.6770257749316381 -0.7358280202375337
vn 0.013900529181541433 -0.6770257749316381 -0.7358280202375337
vn 0.040098743115619166 -0.9356705888233392 -0.35058899014591655
vn -0.2710904396607335 -0.10539628244875764 -0.9567662186608242
vn 0.1390969292715628 0.8773806009875356 -0.4591898575512889
vn 0.1390969292715628 0.8773806009875356 -0.4591898575512889
vn 0.2277038412803319 0.8233139039046616 -0.5199088153738567
vn 0.2277038412803319 0.8233139039046616 -0.5199088153738567
vn 0.2277038412803319 0.8233139039046616 -0.5199088153738567
vn 0.2277038412803319 0.8233139039046616 -0.5199088153738567
vn 0.02389971848661699 0.8731896646217835 0.4867942204401749
vn 0.008900286565047372 0.9741313386621976 0.22580726280448796
vn 0.06609744453383172 0.9887617043101695 -0.13409481688620867
vn 0.18911002864660637 0.49262612907651054 -0.8494450506162083
vn 0.19820001585351704 0.3769000146747307 -0.9048000512012879
vn 0.15000101056930304 0.3676024462893475 -0.9178061550841089
vn -0.5927859061115603 -0.7763815073370108 0.21409489620401362
vn -0.5927859061115603 -0.7763815073370108 0.21409489620401362
vn -0.7177960215653851 -0.5707967828920224 0.39869776029596976
vn -0.7177960215653851 -0.5707967828920224 0.39869776029596976
vn -0.7875223596463224 -0.32160910313162155 0.5257148636285287
vn -0.7875223596463224 -0.32160910313162155 0.5257148636285287
vn 0.1386045776922644 0.3660120867301013 0.9202303643165802
vn 0.14109529705027815 0.31818938213810105 0.9374687377426871
vn 0.12490338568070923 0.3520095273936777 0.927625159679046
vn 0.24311390865465557 -0.6878392968815148 0.6839391267387755
vn 0.31270121501074644 -0.4207016389482115 0.8516032416079048
vn 0.2723063173611208 -0.2320053677953 0.9338215990430891
vn 0.24369564236820068 -0.09999821164530358 -0.9646827414017997
vn 0.3234918833118572 -0.10419738462882873 -0.9404764252589534
vn 0.29900266521085456 -0.24820220965140558 -0.921408199074094
vn -0.1224009483056079 0.7087054929178944 0.6948053915751462
vn -0.1224009483056079 0.7087054929178944 0.6948053915751462
vn -0.407914223384571 0.6871239578298128 0.601220968477361
vn -0.407914223384571 0.6871239578298128 0.601220968477361
vn -0.6068029104735615 0.6195029311148125 0.49800235559781314
vn -0.6068029104735615 0.6195029311148125 0.49800235559781314
vn -0.58619500189055 -0.0770993390771914 0.8064930946216454
vn -0.2771072089061333 0.014800385568754173 0.960725009229628
vn -0.03040014369518504 0.08970042246967876 0.9955047290053792
vn 0.03029996635568546 0.1384998459550933 -0.9898988355934458
vn -0.028499620244565826 0.1323982337898612 -0.9907867981232091
vn -0.3330978679272831 0.10529933642516744 -0.9369940555471619
vn -0.5398867958537953 0.7387818792289493 -0.40339011215653814
vn -0.5398867958537953 0.7387818792289493 -0.40339011215653814
vn -0.32569626218176984 0.8163905801064495 -0.4768945014510846
vn -0.32569626218176984 0.8163905801064495 -0.4768945014510846
vn -0.0665998371425605 0.8397978977228164 -0.538798619776371
vn -0.0665998371425605 0.8397978977228164 -0.538798619776371
vn -0.09250055028911544 -0.7170042817547353 -0.6909041236970489
vn -0.09250055028911544 -0.7170042817547353 -0.6909041236970489
vn -0.24150254738527985 -0.7158075397985264 -0.6552069028742001
vn -0.24150254738527985 -0.7158075397985264 -0.6552069028742001
vn -0.32649858295525536 -0.7209968833796613 -0.6111973245074175
vn -0.32649858295525536 -0.7209968833796613 -0.6111973245074175
vn -0.22931017040306148 -0.9718430663192912 0.05420240028667546
vn -0.22928788127885233 -0.9718486187672986 0.05419713736673575
vn -0.0786031175256659 -0.9913393116230649 0.10520417836737378
vn -0.0786031175256659 -0.9913393116230649 0.10520417836737378
vn 0.02559984571204324 -0.9862940559058562 0.16299902816978848
vn 0.02559984571204324 -0.9862940559058562 0.16299902816978848
vn -0.9515370133477195 -0.0037001441244285775 0.30751198539692814
vn -0.9944740090371248 0.08809770250864365 -0.05709851278559887
vn -0.9285097761357609 0.10380109447760982 -0.356503756509759
vn 0.061699282632837416 0.8397902373977967 0.5393936926716382
vn 0.13409919320873553 0.9781941249275965 0.15859905528690854
vn 0.1656962397979431 0.9755778086797767 -0.14419672440241926
vn 0.12330286100652546 0.844719581620637 0.5208120898119223
vn 0.12330286100652546 0.844719581620637 0.5208120898119223
vn 0.16399323131368684 0.962860207022548 0.21449112293004494
vn 0.16399323131368684 0.962860207022548 0.21449112293004494
vn 0.21939527340123854 0.9662791801067103 -0.13479710717036683
vn 0.21939527340123854 0.9662791801067103 -0.13479710717036683
vn 0.05670252576912089 -0.974743384936745 -0.21600962268718246
vn 0.08929922320058385 -0.9939913625418112 -0.06329944650662986
vn 0.08720298128376025 -0.9953340311309117 -0.04130141072546547
vn 0.0307014411786689 -0.9773458675582627 -0.20940982946447378
vn 0.0307014411786689 -0.9773458675582627 -0.20940982946447378
vn 0.04360040865814828 -0.9972093939501399 -0.06060056915935165
vn 0.04360040865814828 -0.9972093939501399 -0.06060056915935165
vn 0.04260153943207708 -0.9984360639731364 -0.03620131207357256
vn 0.04260153943207708 -0.9984360639731364 -0.03620131207357256
vn -0.04199920175424815 -0.9814814219924176 -0.18689645618830736
vn -0.082403113854722 -0.9944375503179448 -0.06560247971449522
vn -0.0621008675121636 -0.9970138482783882 -0.04590063828919814
vn 0.03789944769117847 -0.5756916133923522 0.8167880986733426
vn -0.021098982461799178 -0.3316840218692326 0.9431545698217908
vn -0.021200178560011662 -0.272902290666707 0.9618081368848403
vn 0.08840196928685738 -0.6684149204238156 0.7385164764451976
vn 0.08840196928685738 -0.6684149204238156 0.7385164764451976
vn 0.1457947655243518 -0.3407877665220848 0.9287667008105901
vn 0.1457947655243518 -0.3407877665220848 0.9287667008105901
vn 0.18000105879995962 -0.2959017053413579 0.9381054309655016
vn 0.18000105879995962 -0.2959017053413579 0.9381054309655016
vn 0.2587098579849924 -0.6536247827463045 0.7112270050843339
vn 0.3715139288434757 -0.37611412586950743 0.8488318826462052
vn 0.3706983928957505 -0.2654988555882188 0.889996100657668
vn 0.055900678588361945 0.6417078011284194 -0.764909283578314
vn -0.04269844562781394 0.3237882178142209 -0.945165611279663
vn 0.16240551524331942 0.33301128822883647 -0.9288314866167722
vn 0.16240551524331942 0.33301128822883647 -0.9288314866167722
vn 0.16240551524331942 0.33301128822883647 -0.9288314866167722
vn 0.1610052420584931 0.5269171543193466 -0.8345271862040733
vn 0.1610052420584931 0.5269171543193466 -0.8345271862040733
vn 0.2365064431768665 0.3217087929414574 -0.9168250404957198
vn -0.16420429435377557 0.0010000262099086543 -0.9864258460033162
vn -0.21511023489352835 -0.09200437792383047 -0.9722462554758955
vn -0.28289579818642374 -0.1412978891062653 -0.9486858668192436
vn 0.12620253717664665 -0.10880218322724658 -0.9860197789776641
vn 0.12620253717664665 -0.10880218322724658 -0.9860197789776641
vn 0.06429771668738127 -0.20869259694815342 -0.975865361414076
vn 0.06429771668738127 -0.20869259694815342 -0.975865361414076
vn 0.04149790080840964 -0.1902903901904214 -0.9808503920729565
vn 0.041501970935600804 -0.1903090539392643 -0.9808465988100296
vn 0.3863993139980195 -0.14029974701326262 -0.9115983496748304
vn 0.4421913559163475 -0.17449658854009625 -0.8797827830440479
vn 0.4637236874781424 -0.21401092439914127 -0.8597439536917367
vn -0.014399592835702983 0.16329537412604955 0.9864721346876453
vn 0.0106002632807475 0.34450855941826153 0.9387233281994931
vn 0.12909515818788375 0.2512905725703269 0.9592640347004168
vn 0.12909515818788375 0.2512905725703269 0.9592640347004168
vn 0.12909515818788375 0.2512905725703269 0.9592640347004168
vn 0.20800283608366152 0.3483047494921444 0.9140123750050477
vn 0.07239881119918887 0.3111948652641894 0.9475843856724039
vn 0.07239881119918887 0.3111948652641894 0.9475843856724039
vn 0.029398886812205302 0.2929889108512685 0.9556637502659555
vn 0.07939731682407676 0.32588897525258353 0.9420681726339968
vn -0.001200027045520171 0.4438099787801768 0.8961201162066552
vn -0.24388953647427514 0.18049224918109746 0.9528590882097479
vn -0.25901189716788864 0.313614401514344 0.9135419225674816
vn -0.33448208064209034 0.48007426650199003 0.810956494746737
vn -0.5920812865899534 0.11399639723674213 0.797774762377846
vn -0.6039860561816851 0.292493240251335 0.7413828621875267
vn -0.6157364740136257 0.45082669680404813 0.6462382563869293
vn 0.0914982426799254 0.5436895599704965 -0.8342839648258699
vn 0.16839998969215442 0.3766999544663873 -0.9108998780199193
vn 0.13240130122304752 0.32120313941136003 -0.9377091439602849
vn -0.17729868419348818 0.6038954998621742 -0.7770942039608021
vn -0.07059825074532064 0.4004900675649435 -0.9135773600377408
vn -0.025900944343000148 0.27380996176720046 -0.9614349930802315
vn -0.4856992728198621 0.5663991051678755 -0.6657989711972278
vn -0.43089385125500695 0.3932943785426407 -0.8121884145673255
vn -0.380396437230115 0.2634975485426984 -0.8864917328743813
vn 0.0036998764794853663 -0.08149727911589498 -0.9966666967500935
vn 0.06300267323161014 -0.1235052297389147 -0.9903419214558218
vn -0.009699597602358048 -0.2843881742154368 -0.9586601505083866
vn -0.06859883340952336 -0.06409890645964839 -0.9955830102234218
vn -0.11769674993460569 -0.2234938204451644 -0.9675732464664655
vn -0.19200558145447183 -0.3831111328110381 -0.9035262678010936
vn -0.30891186256399517 -0.11480441040124492 -0.9441363294141719
vn -0.29949720100307603 -0.3217969961593087 -0.8981915830457158
vn -0.31621050885093965 -0.4753158100080462 -0.8210272802097532
vn 0.05740015902780225 -0.7962021836265101 0.6023016723635757
vn 0.08629839799122122 -0.4991907139887403 0.8621839812775233
vn 0.026199495787817603 -0.22029575938851859 0.975081209344073
vn -0.13499873015997085 -0.8557918718299241 0.49939524924155027
vn -0.22059713851041354 -0.5589927791981876 0.7992896691971588
vn -0.28208705078637575 -0.24658868591277108 0.9271574384959965
vn -0.39159733654820006 -0.839494236893793 0.37669742795838645
vn -0.5331136748361532 -0.5702146467231188 0.6250160528859405
vn -0.5849901872522901 -0.2972950555375714 0.7545873910763703
vn -0.19559427781615227 0.8835741216668157 0.4254875438908794
vn -0.22759281502432194 0.9557698508788758 0.18629412953788005
vn -0.1944010096289602 0.9732051429562029 -0.12280063997731355
vn -0.43018198839607935 0.8281653108781073 0.35928494919459625
vn -0.43179266700750935 0.8913848224398451 0.13779764527171076
vn -0.41630576966130484 0.9001124864856076 -0.12840178277347164
vn -0.6054956239911083 0.7342947628057431 0.30689778533524087
vn -0.6023026036653263 0.7923034334720822 0.09740042569885614
vn -0.5852235323410281 0.8008322397959178 -0.12720511348897584
vn -0.042998120520210466 -0.9770573202475434 -0.2085908784736737
vn 0.04010038520042951 -0.9954095655799083 -0.08690083922952098
vn 0.04310094036348138 -0.9977216954872263 -0.051901129986524464
vn -0.19489453803854126 -0.9426735549160157 -0.27089239174392715
vn -0.13410317921135081 -0.9837232845260344 -0.1196028294260598
vn -0.08759739584950019 -0.9934703838687401 -0.07309782907914747
vn -0.28980809350446174 -0.9120255081271381 -0.2902081002741732
vn -0.2541001942031154 -0.9543006666497917 -0.1573001237688716
vn -0.19769204627977338 -0.9731608966830632 -0.1177952630827421
vn -0.9434406936785853 0.18170783269284954 0.2773119561961535
vn -0.9248744698866066 0.28759206739139803 0.24879312234366557
vn -0.8818117362524107 0.4069053820586536 0.23840317082457188
vn -0.9706973129103508 0.2367993369948844 -0.0408998863984696
vn -0.9492904758419187 0.31309686832994316 -0.028599711848300527
vn -0.9012951855091544 0.4331976784913581 -0.00259998609933895
vn -0.9174778851889456 0.227094525969916 -0.32659211022882845
vn -0.9067301682881973 0.31471046571791106 -0.28070932418370576
vn -0.8724562401723952 0.4376780627534494 -0.21738910361063493
vn -0.8915916149067094 -0.1834982795737887 -0.413996103389278
vn -0.7567133870813447 -0.5203092075758758 -0.39580699630456634
vn -0.5725953592629484 -0.7646937984616886 -0.29559761356406355
vn -0.9667912142480147 -0.23569786589797845 -0.09879910963155442
vn -0.7908954910005125 -0.592696628818774 -0.15229914150092425
vn -0.5242988000072607 -0.829998096368156 -0.19029957523910476
vn -0.9127923170680747 -0.301697479869553 0.2752976871349554
vn -0.7822920954516103 -0.6032939168882215 0.15509844370462464
vn -0.529185821980348 -0.844177350042298 -0.0855977072738914
vn 0.05000177883036209 -0.9691345187078534 0.24140858883373809
vn 0.05000177883036209 -0.9691345187078534 0.24140858883373809
vn 0.05000177883036209 -0.9691345187078534 0.24140858883373809
vn 0.05000177883036209 -0.9691345187078534 0.24140858883373809
vn 0.02759887895768914 -0.9714604763881522 0.2355904172414135
vn 0.02759887895768914 -0.9714604763881522 0.2355904172414135
vn -0.028000319660557837 -0.9876112977152393 -0.15440177046953826
vn -0.010599973729136748 -0.9972975364705611 -0.07269982329202676
vn -0.009300073361310715 -0.9983079167823201 -0.05740045230848245
vn -0.05690173034815341 0.9395285803711573 -0.3377102896702201
vn -0.6222029320952785 0.6069027774274852 -0.49450230539689355
vn -0.6222879518620275 0.6069882153133583 -0.49429041204343366
vn -0.5705111365360355 0.692713527414328 -0.4412085810878572
vn -0.8715172494593363 -0.4160082380614709 0.25960514201344953
vn 0.005000177180052385 -0.30061065398327386 -0.9537338375772961
vn 0.005000177180052385 -0.30061065398327386 -0.9537338375772961
vn -0.7747055319933139 0.620004417737236 -0.12420088842382496
vn -0.7747055319933139 0.620004417737236 -0.12420088842382496
vn -0.7747055319933139 0.620004417737236 -0.12420088842382496
vn 0.2779051945054121 0.6988130771514603 0.6591122712171396
vn 0.5134165536280448 -0.29990966082457177 0.8040258937402397
vn 0.9390883547079107 0.05279934128136207 0.33959577678799735
vn 0.0209010370158301 -0.09080450823598722 0.9956493800207399
vn 0.4820165066453933 0.7695263669443484 0.4189143801527986
vn 0.7258287721438497 0.626324845202202 0.2844112898789172
vn 0.42171086338462727 0.7867203070788036 0.4508116082503037
vn 0.9521256432538016 -0.23240626731556244 0.19860535332911314
vn 0.9705179478165814 0.09710179562571762 -0.22060406671716773
vn 0.6252979327610207 -0.09069970547588216 0.7750974511062348
vn 0.39139897728858614 0.5500985715438516 0.7376980426725172
vn 0.8831299133217335 0.258908766404198 0.3912132498719898
vn 0.8330986408006077 0.41409930130612504 0.3666993637217809
vn 0.571014370862343 0.2332058710401793 0.7871198193293535
vn 0.5002031706902041 0.3840024603915674 0.7761049532406614
vn 0.03950175308407897 0.36481619231892615 0.9302412360915876
vn 0.08339921134711817 0.7042932895015898 0.7049932864288203
vn 0.5010029732680231 0.8525050979095752 0.14910090145530996
vn 0.6946077936775458 0.6940078133237613 -0.18940213306080605
vn 0.5503886788528436 0.29439391885882565 0.7812838938116956
vn 0.8544010082811896 0.37850047201404097 0.35600043501832274
vn 0.8407055216496294 0.07260047710832196 0.5366035748962807
vn 0.5760931626398752 -0.31079630432594907 0.7559909557507407
vn 0.08599777466573093 0.037899020825132794 0.9955742297654346
vn 0.08599777466573093 0.037899020825132794 0.9955742297654346
vn 0.7312906771840422 0.5905924866950868 0.34119563321211877
vn 0.326503797602957 0.8511099407054459 0.41110477859448397
vn 0.9648283098211985 0.10680312634803467 -0.2402070456290891
vn 0.959226081574412 -0.17530477625771226 0.22170602122773517
vn 0.7644196370128815 0.03410087622845666 0.6438165490180771
vn 0.46959526530571516 0.5331946407433078 0.7036929457405905
vn 0.42441503639797273 0.8397297551741189 0.3387119944060468
vn 0.09689713868779937 0.7945765137363507 0.599382272287648
vn -0.11930216442418295 0.4376079291035056 0.8912161881100715
vn 0.42271248464764427 0.9053267999647426 0.04120122071752395
vn 0.7803193674867223 0.6152152220453934 -0.11230278397599495
f 124/124/124 48/48/48 130/130/130
f 124/124/124 130/130/130 57/57/57
f 236/236/236 228/228/228 160/160/160
f 236/236/236 160/160/160 56/56/56
f 232/232/232 144/144/144 17/17/17
f 232/232/232 17/17/17 236/236/236
f 188/188/188 18/18/18 522/522/522
f 60/60/60 73/73/73 90/90/90
f 60/60/60 90/90/90 102/102/102
f 198/198/198 87/87/87 43/43/43
f 198/198/198 43/43/43 196/196/196
f 86/86/86 88/88/88 61/61/61
f 86/86/86 61/61/61 103/103/103
f 74/74/74 526/526/526 19/19/19
f 43/43/43 87/87/87 104/104/104
f 43/43/43 104/104/104 41/41/41
f 75/75/75 18/18/18 188/188/188
f 57/57/57 167/167/167 128/128/128
f 57/57/57 128/128/128 124/124/124
f 46/46/46 134/134/134 135/135/135
f 46/46/46 135/135/135 53/53/53
f 137/137/137 134/134/134 46/46/46
f 137/137/137 46/46/46 44/44/44
f 15/15/15 126/126/126 152/152/152
f 15/15/15 152/152/152 151/151/151
f 7/7/7 1/1/1 3/3/3
f 7/7/7 3/3/3 10/10/10
f 161/161/161 4/4/4 6/6/6
f 161/161/161 6/6/6 10/10/10
f 13/13/13 150/150/150 153/153/153
f 13/13/13 153/153/153 11/11/11
f 159/159/159 155/155/155 24/24/24
f 159/159/159 24/24/24 66/66/66
f 33/33/33 112/112/112 146/146/146
f 205/205/205 34/34/34 164/164/164
f 205/205/205 164/164/164 207/207/207
f 2/2/2 8/8/8 51/51/51
f 2/2/2 51/51/51 167/167/167
f 125/125/125 14/14/14 12/12/12
f 125/125/125 12/12/12 118/118/118
f 154/154/154 22/22/22 11/11/11
f 154/154/154 11/11/11 153/153/153
f 141/141/141 140/140/140 30/30/30
f 141/141/141 30/30/30 33/33/33
f 21/21/21 25/25/25 70/70/70
f 21/21/21 70/70/70 208/208/208
f 54/54/54 52/52/52 149/149/149
f 54/54/54 149/149/149 50/50/50
f 130/130/130 133/133/133 101/101/101
f 130/130/130 101/101/101 31/31/31
f 155/155/155 158/158/158 69/69/69
f 155/155/155 69/69/69 24/24/24
f 233/233/233 230/230/230 16/16/16
f 233/233/233 16/16/16 142/142/142
f 55/55/55 143/143/143 231/231/231
f 55/55/55 231/231/231 524/524/524
f 560/560/560 561/561/561 94/94/94
f 211/211/211 210/210/210 95/95/95
f 211/211/211 95/95/95 49/49/49
f 91/91/91 89/89/89 42/42/42
f 91/91/91 42/42/42 105/105/105
f 557/557/557 72/72/72 80/80/80
f 83/83/83 94/94/94 562/562/562
f 217/217/217 215/215/215 184/184/184
f 217/217/217 184/184/184 181/181/181
f 527/527/527 64/64/64 93/93/93
f 118/118/118 12/12/12 23/23/23
f 118/118/118 23/23/23 65/65/65
f 119/119/119 121/121/121 120/120/120
f 119/119/119 120/120/120 129/129/129
f 129/129/129 120/120/120 134/134/134
f 129/129/129 134/134/134 137/137/137
f 214/214/214 89/89/89 91/91/91
f 214/214/214 91/91/91 177/177/177
f 78/78/78 71/71/71 98/98/98
f 78/78/78 98/98/98 76/76/76
f 48/48/48 59/59/59 133/133/133
f 48/48/48 133/133/133 130/130/130
f 57/57/57 139/139/139 2/2/2
f 57/57/57 2/2/2 167/167/167
f 134/134/134 120/120/120 127/127/127
f 134/134/134 127/127/127 135/135/135
f 51/51/51 53/53/53 136/136/136
f 43/43/43 41/41/41 79/79/79
f 43/43/43 79/79/79 77/77/77
f 1/1/1 138/138/138 32/32/32
f 1/1/1 32/32/32 3/3/3
f 30/30/30 140/140/140 32/32/32
f 30/30/30 32/32/32 138/138/138
f 95/95/95 85/85/85 82/82/82
f 95/95/95 82/82/82 49/49/49
f 75/75/75 188/188/188 191/191/191
f 70/70/70 116/116/116 92/92/92
f 525/525/525 107/107/107 529/529/529
f 67/67/67 25/25/25 21/21/21
f 67/67/67 21/21/21 147/147/147
f 212/212/212 208/208/208 70/70/70
f 212/212/212 70/70/70 92/92/92
f 65/65/65 23/23/23 68/68/68
f 65/65/65 68/68/68 148/148/148
f 47/47/47 54/54/54 50/50/50
f 47/47/47 50/50/50 45/45/45
f 149/149/149 52/52/52 9/9/9
f 149/149/149 9/9/9 5/5/5
f 50/50/50 152/152/152 126/126/126
f 50/50/50 126/126/126 45/45/45
f 530/530/530 56/56/56 34/34/34
f 530/530/530 34/34/34 37/37/37
f 229/229/229 156/156/156 16/16/16
f 229/229/229 16/16/16 230/230/230
f 22/22/22 154/154/154 159/159/159
f 22/22/22 159/159/159 66/66/66
f 32/32/32 140/140/140 165/165/165
f 32/32/32 165/165/165 163/163/163
f 140/140/140 141/141/141 166/166/166
f 140/140/140 166/166/166 165/165/165
f 205/205/205 221/221/221 37/37/37
f 205/205/205 37/37/37 34/34/34
f 10/10/10 3/3/3 162/162/162
f 10/10/10 162/162/162 161/161/161
f 3/3/3 32/32/32 163/163/163
f 3/3/3 163/163/163 162/162/162
f 160/160/160 164/164/164 34/34/34
f 160/160/160 34/34/34 56/56/56
f 57/57/57 130/130/130 31/31/31
f 57/57/57 31/31/31 139/139/139
f 524/524/524 106/106/106 171/171/171
f 44/44/44 125/125/125 118/118/118
f 44/44/44 118/118/118 137/137/137
f 137/137/137 118/118/118 119/119/119
f 137/137/137 119/119/119 129/129/129
f 127/127/127 120/120/120 121/121/121
f 127/127/127 121/121/121 123/123/123
f 51/51/51 136/136/136 128/128/128
f 51/51/51 128/128/128 167/167/167
f 48/48/48 193/193/193 28/28/28
f 48/48/48 28/28/28 59/59/59
f 28/28/28 193/193/193 65/65/65
f 28/28/28 65/65/65 148/148/148
f 48/48/48 124/124/124 122/122/122
f 48/48/48 122/122/122 193/193/193
f 119/119/119 193/193/193 122/122/122
f 119/119/119 118/118/118 65/65/65
f 119/119/119 65/65/65 193/193/193
f 99/99/99 112/112/112 33/33/33
f 99/99/99 33/33/33 30/30/30
f 199/199/199 88/88/88 86/86/86
f 199/199/199 86/86/86 197/197/197
f 202/202/202 81/81/81 88/88/88
f 202/202/202 88/88/88 199/199/199
f 201/201/201 196/196/196 43/43/43
f 201/201/201 43/43/43 77/77/77
f 195/195/195 145/145/145 111/111/111
f 195/195/195 111/111/111 200/200/200
f 98/98/98 195/195/195 200/200/200
f 98/98/98 200/200/200 76/76/76
f 113/113/113 100/100/100 196/196/196
f 113/113/113 196/196/196 201/201/201
f 26/26/26 202/202/202 199/199/199
f 26/26/26 199/199/199 58/58/58
f 58/58/58 199/199/199 197/197/197
f 58/58/58 197/197/197 131/131/131
f 132/132/132 198/198/198 196/196/196
f 132/132/132 196/196/196 100/100/100
f 224/224/224 211/211/211 49/49/49
f 224/224/224 49/49/49 194/194/194
f 217/217/217 223/223/223 195/195/195
f 217/217/217 195/195/195 98/98/98
f 218/218/218 223/223/223 108/108/108
f 218/218/218 108/108/108 35/35/35
f 203/203/203 29/29/29 97/97/97
f 203/203/203 97/97/97 194/194/194
f 82/82/82 203/203/203 194/194/194
f 82/82/82 194/194/194 49/49/49
f 27/27/27 147/147/147 21/21/21
f 27/27/27 21/21/21 96/96/96
f 213/213/213 93/93/93 64/64/64
f 213/213/213 64/64/64 224/224/224
f 97/97/97 213/213/213 224/224/224
f 97/97/97 224/224/224 194/194/194
f 145/145/145 195/195/195 223/223/223
f 145/145/145 223/223/223 218/218/218
f 181/181/181 108/108/108 223/223/223
f 181/181/181 223/223/223 217/217/217
f 64/64/64 211/211/211 224/224/224
f 225/225/225 141/141/141 33/33/33
f 225/225/225 33/33/33 227/227/227
f 96/96/96 21/21/21 208/208/208
f 96/96/96 208/208/208 212/212/212
f 552/552/552 216/216/216 72/72/72
f 88/88/88 81/81/81 84/84/84
f 88/88/88 84/84/84 61/61/61
f 225/225/225 204/204/204 206/206/206
f 225/225/225 206/206/206 226/226/226
f 98/98/98 71/71/71 215/215/215
f 98/98/98 215/215/215 217/217/217
f 141/141/141 225/225/225 226/226/226
f 141/141/141 226/226/226 166/166/166
f 204/204/204 225/225/225 227/227/227
f 204/204/204 227/227/227 220/220/220
f 146/146/146 219/219/219 227/227/227
f 146/146/146 227/227/227 33/33/33
f 114/114/114 69/69/69 230/230/230
f 114/114/114 230/230/230 233/233/233
f 530/530/530 232/232/232 236/236/236
f 530/530/530 236/236/236 56/56/56
f 192/192/192 180/180/180 210/210/210
f 192/192/192 210/210/210 211/211/211
f 543/543/543 542/542/542 179/179/179
f 90/90/90 73/73/73 222/222/222
f 90/90/90 222/222/222 175/175/175
f 545/545/545 177/177/177 186/186/186
f 158/158/158 229/229/229 230/230/230
f 158/158/158 230/230/230 69/69/69
f 17/17/17 157/157/157 228/228/228
f 17/17/17 228/228/228 236/236/236
f 237/237/237 187/187/187 168/168/168
f 237/237/237 174/174/174 178/178/178
f 173/173/173 238/238/238 170/170/170
f 185/185/185 176/176/176 238/238/238
f 183/183/183 238/238/238 173/173/173
f 237/237/237 190/190/190 187/187/187
f 183/183/183 185/185/185 238/238/238
f 237/237/237 178/178/178 190/190/190
f 379/379/379 380/380/380 385/385/385
f 379/379/379 385/385/385 383/383/383
f 380/380/380 381/381/381 387/387/387
f 380/380/380 387/387/387 385/385/385
f 318/318/318 422/422/422 153/153/153
f 318/318/318 153/153/153 150/150/150
f 153/153/153 422/422/422 421/421/421
f 153/153/153 421/421/421 154/154/154
f 154/154/154 421/421/421 420/420/420
f 154/154/154 420/420/420 159/159/159
f 159/159/159 420/420/420 295/295/295
f 159/159/159 295/295/295 155/155/155
f 381/381/381 320/320/320 324/324/324
f 381/381/381 324/324/324 387/387/387
f 386/386/386 322/322/322 259/259/259
f 386/386/386 259/259/259 327/327/327
f 384/384/384 386/386/386 327/327/327
f 384/384/384 327/327/327 326/326/326
f 382/382/382 384/384/384 326/326/326
f 382/382/382 326/326/326 325/325/325
f 266/266/266 382/382/382 325/325/325
f 266/266/266 325/325/325 256/256/256
f 270/270/270 379/379/379 383/383/383
f 270/270/270 383/383/383 268/268/268
f 388/388/388 389/389/389 394/394/394
f 388/388/388 394/394/394 392/392/392
f 389/389/389 390/390/390 396/396/396
f 389/389/389 396/396/396 394/394/394
f 391/391/391 393/393/393 398/398/398
f 391/391/391 398/398/398 397/397/397
f 158/158/158 155/155/155 295/295/295
f 158/158/158 295/295/295 413/413/413
f 158/158/158 413/413/413 412/412/412
f 158/158/158 412/412/412 229/229/229
f 229/229/229 412/412/412 319/319/319
f 229/229/229 319/319/319 156/156/156
f 393/393/393 395/395/395 399/399/399
f 393/393/393 399/399/399 398/398/398
f 317/317/317 388/388/388 392/392/392
f 317/317/317 392/392/392 316/316/316
f 400/400/400 401/401/401 406/406/406
f 400/400/400 406/406/406 404/404/404
f 401/401/401 402/402/402 408/408/408
f 401/401/401 408/408/408 406/406/406
f 314/314/314 391/391/391 397/397/397
f 314/314/314 397/397/397 312/312/312
f 403/403/403 405/405/405 410/410/410
f 403/403/403 410/410/410 409/409/409
f 228/228/228 157/157/157 320/320/320
f 228/228/228 320/320/320 381/381/381
f 228/228/228 381/381/381 380/380/380
f 228/228/228 380/380/380 160/160/160
f 160/160/160 380/380/380 379/379/379
f 160/160/160 379/379/379 164/164/164
f 402/402/402 291/291/291 293/293/293
f 402/402/402 293/293/293 408/408/408
f 405/405/405 407/407/407 411/411/411
f 405/405/405 411/411/411 410/410/410
f 411/411/411 294/294/294 257/257/257
f 411/411/411 257/257/257 342/342/342
f 410/410/410 411/411/411 342/342/342
f 410/410/410 342/342/342 341/341/341
f 409/409/409 410/410/410 341/341/341
f 409/409/409 341/341/341 340/340/340
f 516/516/516 409/409/409 340/340/340
f 516/516/516 340/340/340 263/263/263
f 412/412/412 413/413/413 416/416/416
f 412/412/412 416/416/416 418/418/418
f 164/164/164 379/379/379 270/270/270
f 164/164/164 270/270/270 207/207/207
f 226/226/226 206/206/206 269/269/269
f 226/226/226 269/269/269 433/433/433
f 226/226/226 433/433/433 432/432/432
f 226/226/226 432/432/432 166/166/166
f 413/413/413 295/295/295 297/297/297
f 413/413/413 297/297/297 416/416/416
f 407/407/407 292/292/292 294/294/294
f 407/407/407 294/294/294 411/411/411
f 458/458/458 355/355/355 260/260/260
f 458/458/458 260/260/260 343/343/343
f 414/414/414 296/296/296 298/298/298
f 414/414/414 298/298/298 419/419/419
f 417/417/417 415/415/415 329/329/329
f 417/417/417 329/329/329 328/328/328
f 321/321/321 417/417/417 328/328/328
f 321/321/321 328/328/328 258/258/258
f 319/319/319 412/412/412 418/418/418
f 319/319/319 418/418/418 323/323/323
f 420/420/420 421/421/421 426/426/426
f 420/420/420 426/426/426 424/424/424
f 421/421/421 422/422/422 428/428/428
f 421/421/421 428/428/428 426/426/426
f 415/415/415 419/419/419 330/330/330
f 415/415/415 330/330/330 329/329/329
f 423/423/423 425/425/425 430/430/430
f 423/423/423 430/430/430 429/429/429
f 166/166/166 432/432/432 291/291/291
f 166/166/166 291/291/291 165/165/165
f 163/163/163 165/165/165 291/291/291
f 163/163/163 291/291/291 402/402/402
f 163/163/163 402/402/402 401/401/401
f 163/163/163 401/401/401 162/162/162
f 425/425/425 427/427/427 431/431/431
f 425/425/425 431/431/431 430/430/430
f 460/460/460 345/345/345 261/261/261
f 460/460/460 261/261/261 364/364/364
f 428/428/428 422/422/422 318/318/318
f 428/428/428 318/318/318 315/315/315
f 162/162/162 401/401/401 400/400/400
f 162/162/162 400/400/400 161/161/161
f 430/430/430 431/431/431 345/345/345
f 430/430/430 345/345/345 344/344/344
f 429/429/429 430/430/430 344/344/344
f 429/429/429 344/344/344 343/343/343
f 298/298/298 429/429/429 343/343/343
f 298/298/298 343/343/343 260/260/260
f 431/431/431 427/427/427 313/313/313
f 431/431/431 313/313/313 311/311/311
f 295/295/295 420/420/420 424/424/424
f 295/295/295 424/424/424 297/297/297
f 432/432/432 433/433/433 439/439/439
f 432/432/432 439/439/439 436/436/436
f 4/4/4 161/161/161 400/400/400
f 4/4/4 400/400/400 289/289/289
f 149/149/149 5/5/5 290/290/290
f 149/149/149 290/290/290 390/390/390
f 152/152/152 388/388/388 317/317/317
f 152/152/152 317/317/317 151/151/151
f 50/50/50 389/389/389 388/388/388
f 50/50/50 388/388/388 152/152/152
f 433/433/433 269/269/269 267/267/267
f 433/433/433 267/267/267 439/439/439
f 438/438/438 265/265/265 255/255/255
f 438/438/438 255/255/255 339/339/339
f 434/434/434 438/438/438 339/339/339
f 434/434/434 339/339/339 338/338/338
f 296/296/296 423/423/423 429/429/429
f 296/296/296 429/429/429 298/298/298
f 437/437/437 434/434/434 338/338/338
f 437/437/437 338/338/338 337/337/337
f 291/291/291 432/432/432 436/436/436
f 291/291/291 436/436/436 293/293/293
f 292/292/292 435/435/435 437/437/437
f 292/292/292 437/437/437 294/294/294
f 441/441/441 442/442/442 445/445/445
f 441/441/441 445/445/445 444/444/444
f 440/440/440 441/441/441 444/444/444
f 440/440/440 444/444/444 443/443/443
f 444/444/444 445/445/445 448/448/448
f 444/444/444 448/448/448 447/447/447
f 257/257/257 337/337/337 440/440/440
f 257/257/257 440/440/440 354/354/354
f 443/443/443 444/444/444 447/447/447
f 443/443/443 447/447/447 446/446/446
f 338/338/338 339/339/339 442/442/442
f 338/338/338 442/442/442 441/441/441
f 339/339/339 255/255/255 346/346/346
f 339/339/339 346/346/346 442/442/442
f 442/442/442 346/346/346 348/348/348
f 442/442/442 348/348/348 445/445/445
f 445/445/445 348/348/348 350/350/350
f 445/445/445 350/350/350 448/448/448
f 448/448/448 350/350/350 252/252/252
f 448/448/448 252/252/252 281/281/281
f 447/447/447 448/448/448 281/281/281
f 447/447/447 281/281/281 279/279/279
f 337/337/337 338/338/338 441/441/441
f 337/337/337 441/441/441 440/440/440
f 352/352/352 446/446/446 277/277/277
f 352/352/352 277/277/277 250/250/250
f 353/353/353 443/443/443 446/446/446
f 353/353/353 446/446/446 352/352/352
f 354/354/354 440/440/440 443/443/443
f 354/354/354 443/443/443 353/353/353
f 449/449/449 450/450/450 453/453/453
f 449/449/449 453/453/453 452/452/452
f 446/446/446 447/447/447 279/279/279
f 446/446/446 279/279/279 277/277/277
f 452/452/452 453/453/453 456/456/456
f 452/452/452 456/456/456 455/455/455
f 450/450/450 451/451/451 454/454/454
f 450/450/450 454/454/454 453/453/453
f 258/258/258 328/328/328 449/449/449
f 258/258/258 449/449/449 362/362/362
f 328/328/328 329/329/329 450/450/450
f 328/328/328 450/450/450 449/449/449
f 453/453/453 454/454/454 457/457/457
f 453/453/453 457/457/457 456/456/456
f 451/451/451 355/355/355 356/356/356
f 451/451/451 356/356/356 454/454/454
f 454/454/454 356/356/356 357/357/357
f 454/454/454 357/357/357 457/457/457
f 457/457/457 357/357/357 245/245/245
f 457/457/457 245/245/245 287/287/287
f 329/329/329 330/330/330 451/451/451
f 329/329/329 451/451/451 450/450/450
f 455/455/455 456/456/456 285/285/285
f 455/455/455 285/285/285 283/283/283
f 358/358/358 455/455/455 283/283/283
f 358/358/358 283/283/283 247/247/247
f 360/360/360 452/452/452 455/455/455
f 360/360/360 455/455/455 358/358/358
f 362/362/362 449/449/449 452/452/452
f 362/362/362 452/452/452 360/360/360
f 458/458/458 459/459/459 462/462/462
f 458/458/458 462/462/462 461/461/461
f 459/459/459 460/460/460 463/463/463
f 459/459/459 463/463/463 462/462/462
f 461/461/461 462/462/462 465/465/465
f 461/461/461 465/465/465 464/464/464
f 462/462/462 463/463/463 466/466/466
f 462/462/462 466/466/466 465/465/465
f 343/343/343 344/344/344 459/459/459
f 343/343/343 459/459/459 458/458/458
f 344/344/344 345/345/345 460/460/460
f 344/344/344 460/460/460 459/459/459
f 345/345/345 431/431/431 311/311/311
f 345/345/345 311/311/311 261/261/261
f 460/460/460 364/364/364 366/366/366
f 460/460/460 366/366/366 463/463/463
f 463/463/463 366/366/366 369/369/369
f 463/463/463 369/369/369 466/466/466
f 466/466/466 369/369/369 243/243/243
f 466/466/466 243/243/243 275/275/275
f 465/465/465 466/466/466 275/275/275
f 465/465/465 275/275/275 273/273/273
f 464/464/464 465/465/465 273/273/273
f 464/464/464 273/273/273 271/271/271
f 357/357/357 464/464/464 271/271/271
f 357/357/357 271/271/271 245/245/245
f 356/356/356 461/461/461 464/464/464
f 356/356/356 464/464/464 357/357/357
f 355/355/355 458/458/458 461/461/461
f 355/355/355 461/461/461 356/356/356
f 467/467/467 468/468/468 471/471/471
f 467/467/467 471/471/471 470/470/470
f 468/468/468 469/469/469 472/472/472
f 468/468/468 472/472/472 471/471/471
f 470/470/470 471/471/471 474/474/474
f 470/470/470 474/474/474 473/473/473
f 471/471/471 472/472/472 475/475/475
f 471/471/471 475/475/475 474/474/474
f 263/263/263 340/340/340 467/467/467
f 263/263/263 467/467/467 374/374/374
f 340/340/340 341/341/341 468/468/468
f 340/340/340 468/468/468 467/467/467
f 341/341/341 342/342/342 469/469/469
f 341/341/341 469/469/469 468/468/468
f 342/342/342 257/257/257 354/354/354
f 342/342/342 354/354/354 469/469/469
f 469/469/469 354/354/354 353/353/353
f 469/469/469 353/353/353 472/472/472
f 472/472/472 353/353/353 352/352/352
f 472/472/472 352/352/352 475/475/475
f 475/475/475 352/352/352 250/250/250
f 475/475/475 250/250/250 335/335/335
f 474/474/474 475/475/475 335/335/335
f 474/474/474 335/335/335 333/333/333
f 473/473/473 474/474/474 333/333/333
f 473/473/473 333/333/333 331/331/331
f 370/370/370 473/473/473 331/331/331
f 370/370/370 331/331/331 239/239/239
f 372/372/372 470/470/470 473/473/473
f 372/372/372 473/473/473 370/370/370
f 374/374/374 467/467/467 470/470/470
f 374/374/374 470/470/470 372/372/372
f 476/476/476 477/477/477 480/480/480
f 476/476/476 480/480/480 479/479/479
f 477/477/477 478/478/478 481/481/481
f 477/477/477 481/481/481 480/480/480
f 479/479/479 480/480/480 483/483/483
f 479/479/479 483/483/483 482/482/482
f 480/480/480 481/481/481 484/484/484
f 480/480/480 484/484/484 483/483/483
f 256/256/256 325/325/325 476/476/476
f 256/256/256 476/476/476 347/347/347
f 325/325/325 326/326/326 477/477/477
f 325/325/325 477/477/477 476/476/476
f 326/326/326 327/327/327 478/478/478
f 326/326/326 478/478/478 477/477/477
f 327/327/327 259/259/259 363/363/363
f 327/327/327 363/363/363 478/478/478
f 478/478/478 363/363/363 361/361/361
f 478/478/478 361/361/361 481/481/481
f 481/481/481 361/361/361 359/359/359
f 481/481/481 359/359/359 484/484/484
f 484/484/484 359/359/359 248/248/248
f 484/484/484 248/248/248 309/309/309
f 483/483/483 484/484/484 309/309/309
f 483/483/483 309/309/309 308/308/308
f 482/482/482 483/483/483 308/308/308
f 482/482/482 308/308/308 306/306/306
f 351/351/351 482/482/482 306/306/306
f 351/351/351 306/306/306 254/254/254
f 349/349/349 479/479/479 482/482/482
f 349/349/349 482/482/482 351/351/351
f 347/347/347 476/476/476 479/479/479
f 347/347/347 479/479/479 349/349/349
f 485/485/485 486/486/486 489/489/489
f 485/485/485 489/489/489 488/488/488
f 486/486/486 487/487/487 490/490/490
f 486/486/486 490/490/490 489/489/489
f 488/488/488 489/489/489 492/492/492
f 488/488/488 492/492/492 491/491/491
f 489/489/489 490/490/490 493/493/493
f 489/489/489 493/493/493 492/492/492
f 487/487/487 375/375/375 373/373/373
f 487/487/487 373/373/373 490/490/490
f 490/490/490 373/373/373 371/371/371
f 490/490/490 371/371/371 493/493/493
f 493/493/493 371/371/371 240/240/240
f 493/493/493 240/240/240 303/303/303
f 492/492/492 493/493/493 303/303/303
f 492/492/492 303/303/303 301/301/301
f 491/491/491 492/492/492 301/301/301
f 491/491/491 301/301/301 299/299/299
f 368/368/368 491/491/491 299/299/299
f 368/368/368 299/299/299 242/242/242
f 367/367/367 488/488/488 491/491/491
f 367/367/367 491/491/491 368/368/368
f 365/365/365 485/485/485 488/488/488
f 365/365/365 488/488/488 367/367/367
f 456/456/456 457/457/457 287/287/287
f 456/456/456 287/287/287 285/285/285
f 495/495/495 496/496/496 499/499/499
f 495/495/495 499/499/499 498/498/498
f 494/494/494 495/495/495 498/498/498
f 494/494/494 498/498/498 497/497/497
f 498/498/498 499/499/499 502/502/502
f 498/498/498 502/502/502 501/501/501
f 251/251/251 278/278/278 494/494/494
f 251/251/251 494/494/494 376/376/376
f 497/497/497 498/498/498 501/501/501
f 497/497/497 501/501/501 500/500/500
f 280/280/280 282/282/282 496/496/496
f 280/280/280 496/496/496 495/495/495
f 282/282/282 253/253/253 305/305/305
f 282/282/282 305/305/305 496/496/496
f 496/496/496 305/305/305 307/307/307
f 496/496/496 307/307/307 499/499/499
f 499/499/499 307/307/307 310/310/310
f 499/499/499 310/310/310 502/502/502
f 502/502/502 310/310/310 249/249/249
f 502/502/502 249/249/249 284/284/284
f 501/501/501 502/502/502 284/284/284
f 501/501/501 284/284/284 286/286/286
f 278/278/278 280/280/280 495/495/495
f 278/278/278 495/495/495 494/494/494
f 378/378/378 500/500/500 288/288/288
f 378/378/378 288/288/288 246/246/246
f 377/377/377 497/497/497 500/500/500
f 377/377/377 500/500/500 378/378/378
f 376/376/376 494/494/494 497/497/497
f 376/376/376 497/497/497 377/377/377
f 503/503/503 504/504/504 507/507/507
f 503/503/503 507/507/507 506/506/506
f 504/504/504 505/505/505 508/508/508
f 504/504/504 508/508/508 507/507/507
f 506/506/506 507/507/507 510/510/510
f 506/506/506 510/510/510 509/509/509
f 507/507/507 508/508/508 511/511/511
f 507/507/507 511/511/511 510/510/510
f 246/246/246 272/272/272 503/503/503
f 246/246/246 503/503/503 378/378/378
f 272/272/272 274/274/274 504/504/504
f 272/272/272 504/504/504 503/503/503
f 274/274/274 276/276/276 505/505/505
f 274/274/274 505/505/505 504/504/504
f 276/276/276 244/244/244 300/300/300
f 276/276/276 300/300/300 505/505/505
f 505/505/505 300/300/300 302/302/302
f 505/505/505 302/302/302 508/508/508
f 508/508/508 302/302/302 304/304/304
f 508/508/508 304/304/304 511/511/511
f 511/511/511 304/304/304 241/241/241
f 511/511/511 241/241/241 332/332/332
f 510/510/510 511/511/511 332/332/332
f 510/510/510 332/332/332 334/334/334
f 509/509/509 510/510/510 334/334/334
f 509/509/509 334/334/334 336/336/336
f 376/376/376 509/509/509 336/336/336
f 376/376/376 336/336/336 251/251/251
f 377/377/377 506/506/506 509/509/509
f 377/377/377 509/509/509 376/376/376
f 378/378/378 503/503/503 506/506/506
f 378/378/378 506/506/506 377/377/377
f 149/149/149 390/390/390 389/389/389
f 149/149/149 389/389/389 50/50/50
f 500/500/500 501/501/501 286/286/286
f 500/500/500 286/286/286 288/288/288
f 400/400/400 404/404/404 514/514/514
f 400/400/400 514/514/514 289/289/289
f 403/403/403 409/409/409 516/516/516
f 403/403/403 516/516/516 512/512/512
f 396/396/396 390/390/390 290/290/290
f 396/396/396 290/290/290 515/515/515
f 486/486/486 485/485/485 518/518/518
f 486/486/486 518/518/518 519/519/519
f 485/485/485 365/365/365 262/262/262
f 485/485/485 262/262/262 518/518/518
f 487/487/487 486/486/486 519/519/519
f 487/487/487 519/519/519 520/520/520
f 375/375/375 487/487/487 520/520/520
f 375/375/375 520/520/520 264/264/264
f 312/312/312 397/397/397 518/518/518
f 312/312/312 518/518/518 262/262/262
f 519/519/519 518/518/518 397/397/397
f 519/519/519 397/397/397 398/398/398
f 520/520/520 519/519/519 398/398/398
f 520/520/520 398/398/398 399/399/399
f 264/264/264 520/520/520 399/399/399
f 264/264/264 399/399/399 517/517/517
f 110/110/110 531/531/531 39/39/39
f 62/62/62 75/75/75 191/191/191
f 115/115/115 234/234/234 522/522/522
f 115/115/115 522/522/522 18/18/18
f 55/55/55 524/524/524 171/171/171
f 55/55/55 171/171/171 169/169/169
f 169/169/169 189/189/189 523/523/523
f 169/169/169 523/523/523 55/55/55
f 55/55/55 523/523/523 235/235/235
f 55/55/55 235/235/235 143/143/143
f 172/172/172 107/107/107 521/521/521
f 451/451/451 330/330/330 260/260/260
f 451/451/451 260/260/260 355/355/355
f 437/437/437 337/337/337 257/257/257
f 437/437/437 257/257/257 294/294/294
f 399/399/399 395/395/395 513/513/513
f 399/399/399 513/513/513 517/517/517
f 260/260/260 330/330/330 419/419/419
f 260/260/260 419/419/419 298/298/298
f 64/64/64 192/192/192 211/211/211
f 74/74/74 63/63/63 526/526/526
f 40/40/40 525/525/525 109/109/109
f 93/93/93 117/117/117 20/20/20
f 20/20/20 527/527/527 93/93/93
f 529/529/529 36/36/36 525/525/525
f 36/36/36 109/109/109 525/525/525
f 231/231/231 528/528/528 106/106/106
f 231/231/231 106/106/106 524/524/524
f 531/531/531 521/521/521 39/39/39
f 107/107/107 38/38/38 521/521/521
f 531/531/531 110/110/110 182/182/182
f 40/40/40 107/107/107 525/525/525
f 521/521/521 531/531/531 182/182/182
f 521/521/521 182/182/182 172/172/172
f 209/209/209 542/542/542 560/560/560
f 552/552/552 544/544/544 216/216/216
f 543/543/543 222/222/222 558/558/558
f 543/543/543 558/558/558 559/559/559
f 558/558/558 222/222/222 73/73/73
f 561/561/561 562/562/562 94/94/94
f 209/209/209 560/560/560 94/94/94
f 560/560/560 542/542/542 543/543/543
f 560/560/560 543/543/543 559/559/559
f 72/72/72 557/557/557 556/556/556
f 556/556/556 552/552/552 72/72/72
f 555/555/555 89/89/89 214/214/214
f 209/209/209 179/179/179 542/542/542
f 552/552/552 553/553/553 545/545/545
f 552/552/552 545/545/545 544/544/544
f 565/565/565 60/60/60 562/562/562
f 179/179/179 175/175/175 543/543/543
f 175/175/175 222/222/222 543/543/543
f 186/186/186 216/216/216 544/544/544
f 545/545/545 214/214/214 177/177/177
f 186/186/186 544/544/544 545/545/545
f 80/80/80 42/42/42 557/557/557
f 60/60/60 83/83/83 562/562/562
f 42/42/42 563/563/563 557/557/557
f 545/545/545 553/553/553 554/554/554
f 545/545/545 554/554/554 214/214/214
f 89/89/89 555/555/555 564/564/564
f 73/73/73 565/565/565 566/566/566
f 564/564/564 563/563/563 89/89/89
f 566/566/566 558/558/558 73/73/73
f 42/42/42 89/89/89 563/563/563
f 565/565/565 73/73/73 60/60/60
f 537/537/537 541/541/541 551/551/551
f 533/533/533 536/536/536 550/550/550
f 536/536/536 535/535/535 550/550/550
f 535/535/535 547/547/547 546/546/546
f 535/535/535 546/546/546 550/550/550
f 534/534/534 532/532/532 550/550/550
f 532/532/532 533/533/533 550/550/550
f 541/541/541 540/540/540 551/551/551
f 540/540/540 538/538/538 551/551/551
f 538/538/538 539/539/539 551/551/551
f 539/539/539 549/549/549 551/551/551
f 546/546/546 534/534/534 550/550/550
f 549/549/549 548/548/548 537/537/537
f 549/549/549 537/537/537 551/551/551
f 533/533/533 532/532/532 553/553/553
f 533/533/533 553/553/553 552/552/552
f 532/532/532 534/534/534 554/554/554
f 532/532/532 554/554/554 553/553/553
f 536/536/536 533/533/533 552/552/552
f 536/536/536 552/552/552 556/556/556
f 535/535/535 536/536/536 556/556/556
f 535/535/535 556/556/556 557/557/557
f 539/539/539 538/538/538 559/559/559
f 539/539/539 559/559/559 558/558/558
f 538/538/538 540/540/540 560/560/560
f 538/538/538 560/560/560 559/559/559
f 540/540/540 541/541/541 561/561/561
f 540/540/540 561/561/561 560/560/560
f 541/541/541 537/537/537 562/562/562
f 541/541/541 562/562/562 561/561/561
f 547/547/547 535/535/535 557/557/557
f 547/547/547 557/557/557 563/563/563
f 546/546/546 547/547/547 563/563/563
f 546/546/546 563/563/563 564/564/564
f 534/534/534 546/546/546 564/564/564
f 534/534/534 564/564/564 555/555/555
f 537/537/537 548/548/548 565/565/565
f 537/537/537 565/565/565 562/562/562
f 549/549/549 539/539/539 558/558/558
f 549/549/549 558/558/558 566/566/566
f 548/548/548 549/549/549 566/566/566
f 548/548/548 566/566/566 565/565/565
o maxwell_2
usemtl maxwell_transparent
v 0.16053935885429382 0.3475380539894104 -0.0852871686220169
v 0.18292461335659027 0.28408506512641907 -0.00816185213625431
v 0.18973739445209503 0.3319505751132965 -0.09237301349639893
v 0.2133149653673172 0.26906120777130127 -0.038488954305648804
v 0.11796323210000992 0.2530171871185303 0.08796217292547226
v 0.016987334936857224 0.3367435932159424 0.09073100239038467
v 0.07756971567869186 0.2585512697696686 0.13762398064136505
v 0.018576547503471375 0.32720747590065 0.1224808320403099
v -0.04747305065393448 0.012555709108710289 0.13003471493721008
v -0.06256961077451706 0.05640798807144165 0.11091338843107224
v 0.008588896133005619 0.011058269068598747 0.11505653709173203
v -0.0035506272688508034 0.059546343982219696 0.09527949243783951
v 0.06300833076238632 0.020927460864186287 0.10395975410938263
v 0.0599217563867569 0.05341819301247597 0.07917246222496033
v -0.11608640104532242 0.02276301570236683 0.14738959074020386
v -0.11816422641277313 0.04675235226750374 0.12129545211791992
v -0.09470286965370178 0.008750524371862411 -0.12884142994880676
v -0.00836165901273489 0.009877553209662437 -0.1034369170665741
v 0.04997977614402771 0.024817366153001785 -0.12077484279870987
v -0.09629108756780624 0.05321052670478821 -0.12016627937555313
v -0.16320380568504333 0.010186483152210712 -0.10097458958625793
v 0.050186943262815475 0.07016745954751968 -0.09889157116413116
v -0.010105039924383163 0.05570872128009796 -0.09007452428340912
v -0.16000331938266754 0.04403774440288544 -0.09394928812980652
v 0.18380384147167206 0.25049421191215515 0.11327614635229111
v 0.1699187308549881 0.11153364181518555 0.16939973831176758
v 0.21540077030658722 0.22041139006614685 0.09944704920053482
v 0.09770065546035767 0.19007639586925507 0.1856037974357605
v 0.1514298915863037 0.15443140268325806 0.17632706463336945
v 0.22140543162822723 0.2531850337982178 0.06762316077947617
v 0.29812997579574585 0.1228591650724411 -0.03513972833752632
v 0.22439943253993988 0.22735397517681122 0.0728883370757103
v 0.2775004208087921 0.19792917370796204 -0.08057905733585358
v 0.30037716031074524 0.14583739638328552 -0.05827604979276657
v 0.21007566154003143 0.31901195645332336 -0.01967504434287548
v 0.2203465849161148 0.2855105996131897 0.006466566119343042
v 0.19818109273910522 0.3118605613708496 0.05848044157028198
v 0.20351876318454742 0.2969188392162323 0.05622565746307373
v 0.20282691717147827 0.32332611083984375 0.029367169365286827
v 0.19838133454322815 0.28665679693222046 -0.044297151267528534
v 0.1975555121898651 0.2967478930950165 -0.01423007994890213
v 0.22809872031211853 0.23755477368831635 0.01252218522131443
v 0.22955094277858734 0.24925820529460907 -0.02981257066130638
v 0.2238703966140747 0.2632941007614136 -0.0005659870803356171
v 0.1705300658941269 0.31160593032836914 -0.04581694304943085
v 0.20152617990970612 0.3005059063434601 -0.06543098390102386
v 0.06747528910636902 0.2948804497718811 0.08934658765792847
v 0.04807312786579132 0.2928793728351593 0.13005240261554718
vt 0.12942184507846832 0.09064334630966187
vt 0.3400050103664398 0.4078359007835388
vt -0.00478613656014204 0.25227832794189453
vt 0.1274912804365158 0.5379223227500916
vt 0.3843969404697418 0.48334580659866333
vt 0.0737842544913292 0.0980839729309082
vt 0.10784795880317688 0.5066068768501282
vt -0.01822395995259285 0.19498878717422485
vt 0.6654028296470642 0.41314923763275146
vt 0.6665657758712769 0.12589740753173828
vt 0.3137783110141754 0.4132347106933594
vt 0.32062897086143494 0.12605488300323486
vt 0.030394434928894043 0.4190593957901001
vt 0.030394434928894043 0.15693014860153198
vt 0.938976526260376 0.4190593957901001
vt 0.938976526260376 0.15693014860153198
vt 0.7199382781982422 0.461875855922699
vt 0.32583922147750854 0.460355281829834
vt 0.05336366593837738 0.4594358801841736
vt 0.7190627455711365 0.11660665273666382
vt 0.9671485424041748 0.37936508655548096
vt 0.05271625518798828 0.11660635471343994
vt 0.3245590031147003 0.11660641431808472
vt 0.9676439762115479 0.11660665273666382
vt 0.5735654234886169 0.46960461139678955
vt 0.11488723009824753 1.03875732421875
vt 0.6844488978385925 0.657556414604187
vt -0.03763621300458908 0.6172213554382324
vt 0.04163390398025513 0.8319011926651001
vt 0.6297443509101868 0.5223261117935181
vt 0.055936723947525024 1.0117908716201782
vt 0.6717115640640259 0.6527721285820007
vt 0.027421310544013977 0.5985329151153564
vt -0.02966337278485298 0.917624831199646
vt 0.9620282649993896 0.6931259632110596
vt 0.8829448819160461 0.9652334451675415
vt 0.532492995262146 0.8698633909225464
vt 0.5761469602584839 0.9635279178619385
vt 0.6904926300048828 0.7494739890098572
vt 0.0032881645020097494 0.33463168144226074
vt 0.06503765285015106 0.11140275001525879
vt 0.4924304187297821 0.3801267743110657
vt 0.22986680269241333 0.5280956029891968
vt 0.2953264117240906 0.2701631188392639
vt 0.23471343517303467 0.24923962354660034
vt 0.061352573335170746 0.39510035514831543
vt 0.2290906012058258 0.2907148599624634
vt 0.044812001287937164 0.3507978320121765
vn 0.5325986356385802 0.6704982032467646 0.5164986473929852
vn 0.6130864917878295 0.7096843374093295 0.3470923433658145
vn 0.526987249633266 0.6769835884888175 0.5137875627540717
vn 0.6130153819258762 0.6724168910332247 0.4148103978632704
vn 0.6209960014888999 0.6831955943903653 0.3841975350524696
vn 0.6392898177401098 0.7343883075384944 0.22799636550735367
vn 0.6210384410003228 0.683142249337568 0.3842237915198595
vn 0.6063053263711454 0.7424065049194973 0.28500251344013616
vn 0.19159823095725095 0.38339646529419635 0.9034917090344372
vn 0.09480293390598303 0.60881880018838 0.7876243217803772
vn -0.050097811931870156 0.4751792546742144 0.878461658336263
vn -0.05539927556693722 0.43979423620557284 0.8963882808621582
vn -0.07379842767331922 0.4699899814491978 0.8795812693607843
vn -0.040497867224991005 0.5249723529165501 0.8501552513650013
vn 0.04289918755724301 0.5538895117631608 0.8314842562945469
vn 0.043600259289244006 0.5535033101206245 0.831704937508142
vn -0.03589951637521821 0.22719694788032357 -0.9731869150363106
vn 0.022499193794534127 0.29938926528773735 -0.9538657421823392
vn -0.6693062627717598 0.283902638554619 -0.6866064509136405
vn -0.0375979966339791 0.2270879156950252 -0.9731482257058277
vn -0.5164943941277449 0.16009825492211674 -0.8411908758453736
vn -0.6970292756600761 0.260810935125439 -0.6679280238107872
vn -0.01610052922256342 0.30651005419609667 -0.9517312433851581
vn -0.5274241986433141 0.151206935359009 -0.8360383827222256
vn 0.5817108391788304 0.2810052162056259 0.7633142000821749
vn 0.640772077325889 0.23158990363241738 0.7319680740681198
vn 0.640772077325889 0.23158990363241738 0.7319680740681198
vn 0.4077178639662898 0.4010175571579149 0.8203359447530411
vn 0.5538078357088554 0.30260430731421795 0.7757109734317003
vn 0.9000052841246584 0.28820170144544655 0.32700193857474674
vn 0.8972711202892354 0.23219252190647657 0.3754879085478133
vn 0.8972711202892354 0.23219252190647657 0.3754879085478133
vn 0.8760076689238744 0.4542039893485336 0.1622014181394144
vn 0.8985313421216284 0.3336116242869163 0.28520994261377064
vn 0.9250290390863765 0.3652114866993219 0.10460328307374561
vn 0.9286223231011408 0.3330080060919095 0.16360393918525054
vn 0.9259832839085698 0.2808949272934113 0.25229545723760155
vn 0.9259832839085698 0.2808949272934113 0.25229545723760155
vn 0.9286070964440102 0.3110023704250204 0.2024015464956802
vn 0.7558835946453147 0.5954870270877317 -0.2720940865147435
vn 0.7844024390135291 0.6202019052586109 -0.00790002425413748
vn 0.9034576749926947 0.42717995000214287 -0.035798321370715466
vn 0.9244937835848049 0.3545976555838066 -0.1398990592088454
vn 0.9792234249524404 0.1784042597951251 0.09640230345466816
vn 0.5840042669814994 0.6680048521478451 0.4612033539062105
vn 0.5908968792558819 0.6398966635420901 0.4912974028766699
vn 0.6344920557684733 0.6937912226723554 0.34069571542579585
vn 0.6033730176068006 0.7071684211182822 0.3685835397805218
f 611/611/611 569/569/569 567/567/567
f 613/613/613 573/573/573 571/571/571
f 578/578/578 577/577/577 579/579/579
f 578/578/578 579/579/579 580/580/580
f 575/575/575 576/576/576 582/582/582
f 575/575/575 582/582/582 581/581/581
f 576/576/576 575/575/575 577/577/577
f 576/576/576 577/577/577 578/578/578
f 590/590/590 586/586/586 583/583/583
f 590/590/590 583/583/583 587/587/587
f 589/589/589 588/588/588 585/585/585
f 589/589/589 585/585/585 584/584/584
f 586/586/586 589/589/589 584/584/584
f 586/586/586 584/584/584 583/583/583
f 591/591/591 594/594/594 595/595/595
f 598/598/598 597/597/597 600/600/600
f 598/598/598 600/600/600 596/596/596
f 602/602/602 601/601/601 605/605/605
f 604/604/604 602/602/602 605/605/605
f 604/604/604 605/605/605 603/603/603
f 596/596/596 600/600/600 599/599/599
f 593/593/593 591/591/591 595/595/595
f 593/593/593 595/595/595 592/592/592
f 610/610/610 608/608/608 609/609/609
f 607/607/607 610/610/610 609/609/609
f 607/607/607 609/609/609 606/606/606
f 568/568/568 570/570/570 611/611/611
f 574/574/574 613/613/613 572/572/572
f 614/614/614 573/573/573 613/613/613
f 614/614/614 613/613/613 574/574/574
f 570/570/570 612/612/612 569/569/569
f 570/570/570 569/569/569 611/611/611
